modelo,fabricacao,quantidade,quantidade_total
NXR 160 Bros ESDD FLEXone,2023,1,248
CG 160 FAN Flex,2022,1,227
CB 300F Twister Flex,2023,1,211
YBR 150 FACTOR ED,2023,1,168
YBR 150 FACTOR ED,2022,1,156
CG 160 FAN Flex,2021,1,146
NXR 160 Bros ESDD FLEXone,2022,1,139
NMAX 160,2021,1,133
CG 160 Start,2022,1,118
CB TWISTER 250cc,2022,1,98
YS 150 Fazer SED,2022,1,86
YBR 150 FACTOR ED,2021,1,85
FZ25 250 FAZER FLEX,2020,1,81
YBR 150 FACTOR ED,2020,1,77
ADV 150,2023,1,77
CB TWISTER 250cc,2019,1,73
CG 160 TITAN FLEXone,2021,1,72
ELITE 125,2022,1,71
CB TWISTER 250cc,2018,1,64
BIZ 125 Flexone,2020,1,58
CG 160 Start,2018,1,54
XTZ 250 LANDER 249cc,2019,1,53
NMAX 160,2017,1,52
NXR 160 Bros ESDD FLEXone,2015,1,51
YS 250 FAZER,2011,1,50
PCX 150,2022,1,50
FLUO 125 ABS,2023,1,49
PCX 150,2017,1,48
ELITE 125,2019,1,47
XTZ 150 CROSSER S FLEX,2022,1,46
XTZ 150 ED CROSSER,2014,1,46
NXR 160 Bros ESDD FLEXone,2016,1,45
CG 160 TITAN FLEXone,2019,1,44
CG 160 Start,2017,1,41
YS 250 FAZER,2012,1,40
BIZ 125 Flexone,2019,1,39
PCX 150,2018,1,38
HILUX SW4 SRX 4X4 2.8 TDI 16V,2021,1,36
YBR 150 FACTOR ED,2018,1,36
PCX 150,2015,1,33
FLUO 125 ABS,2022,1,31
YBR 150 FACTOR ED,2017,1,30
ARGO DRIVE 1.0 6V FLEX,2020,1,28
YS 250 FAZER,2014,1,28
CG 160 Start,2016,1,27
CG 150 FAN ESDi Flex,2011,1,27
NXR 160 Bros,2018,1,27
NEO Automatic 125cc,2022,1,27
CG 150 TITAN-KS,2006,1,26
NX-4 FALCON 400,2008,1,26
XTZ 250 TENERE,2018,1,25
Hilux CD SRV 4x4 2.8 TDI Diesel Aut.,2019,1,24
XTZ 250 TENERE,2016,1,24
CB 500F,2019,1,24
PCX 150,2014,1,24
CB 300R,2014,1,24
ONIX SED. PLUS PREM. 1.0 12V T,2020,1,23
CB 300R,2013,1,22
HILUX SW4 SRX 4X4 2.8 TDI 16V,2016,1,22
CG 150 FAN Esi Flex,2012,1,22
NX-4 FALCON 400,2007,1,21
ONIX HATCH LT 1.0 8V FlexPower 5p Mec.,2019,1,21
COROLLA XEI 2.0 FLEX,2015,1,21
MOBI LIKE 1.0 FIRE FLEX 4P.,2020,1,19
CG 150 TITAN-ESD MIX,2012,1,19
XRE 300,2021,1,18
NINJA 250R,2011,1,18
HILUX CD SRX 4X4 2.8 TDI 16V D,2020,1,18
CB 650F,2015,1,18
YS 250 FAZER,2016,1,17
Toro Freedom 1.8 16V Flex Aut.,2016,1,17
HILUX SW4 SRX 4X4 2.8 TDI 16V,2018,1,17
YS 250 FAZER BlueFlex,2016,1,17
KWID Zen 1.0 Flex 12V 5p Mec.,2018,1,17
HB20 UNIQUE 1.0 FLEX 12V MEC.,2019,1,16
YBR 125i FACTOR ED,2019,1,16
PCX 150 DLX,2017,1,16
Meteor Fireball 350cc ABS,2022,1,15
Citycom.300i,2014,1,15
PRISMA  Sed. LT  1.4 8V Econof,2011,1,15
COROLLA XEI 2.0 FLEX,2018,1,15
MASTER RIDE 150,2023,1,15
Hilux CD SRX 4x4 2.8 TDI 16V Diesel Aut.,2020,1,15
CRV LX 2.0 16V 2WD,2012,1,15
CB TWISTER 250cc,2015,1,15
HILUX CD SRV 4X4 2.8 TDI DIESE,2020,1,14
Renegade1.8 4x2 Flex 16V Aut.,2019,1,14
Corsa Hat. Maxx 1.4 8V ECONOFLEX 5p,2012,1,14
HB20 Unique 1.0 Flex 12V Mec.,2018,1,14
2008 GRIFFE 1.6 FLEX 16V 4P AU,2016,1,14
Corolla XEi 2.0 Flex 16V Aut.,2014,1,14
COMPASS LONGITUDE 2.0 4X2 FLEX,2018,1,14
ARGO DRIVE 1.0 6V FLEX,2018,1,14
SH 150i,2019,1,13
HB20 Comf. 1.0,2016,1,13
COROLLA XEI 2.0 FLEX,2017,1,13
BIZ 125 ES,2013,1,13
COMPASS LONGITUDE 2.0 4X2 FLEX,2019,1,13
TIGUAN ALLSPACE R-LINE 350 TSI,2019,1,13
HILUX CD SRX 4X4 2.8 TDI 16V D,2023,1,13
TORO RANCH 2.0 16V 4X4 DIESEL,2021,1,12
MT-03 ABS,2016,1,12
ER-6n 650cc,2010,1,12
Hilux CD SRX 4x4 2.8 TDI 16V Diesel Aut.,2019,1,12
PRISMA Sed. Joy 1.0 8v FlexPower,2018,1,12
Fox 1.0 Mi Total Flex 8V 5p,2014,1,12
ARGO DRIVE 1.0 6V FLEX,2022,1,12
KICKS ADVANCE 1.6 16V FLEX AUT.,2022,1,12
HR-V EX 1.8 FLEXONE 16V   AUT.,2016,1,12
Civic Sedan LXR 2.0 Flexone 16V Aut. 4p,2014,1,12
ELECTRA GLIDE ULTRA LIMITED FLHTK,2014,1,12
Z 750,2010,1,12
Fiesta 1.0 8V Flex 5p,2012,1,12
ONIX HATCH LTZ 1.4 8V FLEXPOWE,2017,1,12
Celta 1.0 MPFI VHC 8v 3p,2001,1,12
VOYAGE 1.6 MSI FLEX 8V 4P,2020,1,11
CB 500,1998,1,11
CG 150 TITAN-EX MIX,2012,1,11
SANDERO Expression Hi-Power 1.0 16V 5p,2016,1,11
VIRTUS COMFORT. 200 TSI 1.0 FL,2020,1,11
Celta Spirit 1.0 MPFI 8V FlexP. 5p,2009,1,11
VIRTUS COMFORT. 200 TSI 1.0 FL,2019,1,11
YS 150 Fazer SED,2016,1,11
HB20 C. Style 1.0,2017,1,11
Classic 1.0 VHC FlexPower 4p,2009,1,11
INTRUDER 125,2008,1,11
Hilux CD SRV D4-D 4x4 3.0 TDI Diesel Aut,2010,1,11
MT-09 TRACER 900 GT,2020,1,11
HILUX SRV D4-D 3.0 CD 4X4 TB D,2014,1,11
HILUX CD SR 4X4 2.8 TDI DIESEL,2019,1,10
COMPASS LONGITUDE 2.0 4X2 FLEX,2017,1,10
PCX 150 DLX,2015,1,10
Z 750,2012,1,10
KA 1.0 FLEX,2011,1,10
ONIX HATCH ACTIV 1.4 8V FLEX 4,2017,1,10
Ka 1.0 SE TiVCT Flex 5p,2019,1,10
Z-800,2013,1,10
Versys 650cc,2020,1,10
ONIX HATCH PREM. 1.0 12V TB FL,2020,1,10
COROLLA XEI 2.0 FLEX,2012,1,10
KICKS SL 1.6 16V FLEXSTAR   .,2019,1,10
HILUX CD SRV 4X4 2.8 TDI DIESE,2016,1,10
COMPASS LONGITUDE 2.0 4X4 DIES,2019,1,10
CLASSIC LS 1.0 FLEXPOWER,2011,1,10
VT 600 C SHADOW,2001,1,9
Gol (novo) 1.0 Mi Total Flex 8V 4p,2010,1,9
Fiorino Furgão EVO 1.4 Flex 8V 2p,2015,1,9
COMPASS LONGITUDE 2.0 4X2 FLEX,2020,1,9
ONIX HATCH LTZ 1.4 8V FLEXPOWE,2019,1,9
ONIX HATCH LT 1.0 8V FlexPower 5p Mec.,2015,1,9
KICKS EXCLUSIVE 1.6 16V FLEX A,2021,1,9
Palio EDX 1.0 mpi 4p,1997,1,9
PRISMA Sed. Joy 1.0 8v FlexPower,2019,1,9
Celta Life 1.0 MPFI 8v FlexPower 3p,2007,1,9
TRACKER 1.0 Turbo 12V Flex Aut,2020,1,9
MONTANA LS 1.4 ECONOFLEX,2014,1,9
VIRTUS COMFORT. 200 TSI 1.0 FL,2018,1,9
COMPASS LIMITED 2.0 4X2 FLEX 1,2018,1,9
HILUX CD SR 4X4 2.8 TDI DIESEL,2020,1,9
HILUX SW4 SRX 4X4 2.8 TDI 16V,2023,1,9
HR 2.5 TCI Diesel (RD,2011,1,9
LOGAN Authe. S.Especial Flex 1.0 12V 4p,2018,1,9
Ka+ Sedan 1.5 16V Flex 4p,2018,1,8
APACHE RTR 200cc,2020,1,8
COMPASS LIMITED T270 1.3 TB 4X,2021,1,8
ETIOS X HB 1.3,2014,1,8
DAILY CHASSI 35S14 2p (dies.)(E5),2014,1,8
MOBI LIKE 1.0 FIRE FLEX 4P.,2018,1,8
NINJA ZX-6R 636cc,2021,1,8
RENEGADE1.8 4X2 FLEX 16V AUT(P,2018,1,8
VIRTUS HIGHLINE 200 TSI 1.0 FL,2018,1,8
SANDERO Exp. S.Especial Flex 1.0 12V 5p,2017,1,8
FIESTA 1.6 FLEX,2012,1,8
TORO FREEDOM 2.0 16V 4X4 DIESE,2018,1,8
Ka 1.0 SE TiVCT Flex 5p,2017,1,8
CG 150 TITAN-EX MIX,2010,1,8
Fiorino Furgão EVO 1.4 Flex 8V 2p,2014,1,8
Fiesta 1.0 8V Flex 5p,2011,1,8
G 650 GS,2012,1,8
Gol CL 1.6 Mi 2p e 4p,1997,1,8
RENEGADE1.8 4X2 FLEX 16V AUT(P,2020,1,8
FIT LX 1.5 FLEXONE 16V,2015,1,8
ONIX HATCH LT 1.4 8V FlexPower 5p Mec.,2013,1,8
FH 13 540 GLOBETROTTER 6X4 (E5,2022,1,8
YBR 150 FACTOR E,2016,1,8
SANDERO Expression Hi-Flex 1.0 16V 5p,2013,1,8
HR-V EXL 1.8 FLEXONE 16V   AUT,2015,1,8
CITY HATCHBACK TOURING 1.5 FLE,2022,1,8
Celta LT 1.0 MPFI 8V FlexP. 5p,2014,1,8
S 10 PICK-UP LTZ 2.8 CD 4X4 TD,2019,1,8
FIT LX 1.5 FLEXONE 16V,2016,1,8
KICKS SV 1.6 16V FLEXSTAR AUT.,2017,1,8
i30 1.8 16V 148cv Aut. 5p,2014,1,8
CITY Sedan LX 1.5 Flex 16V 4p Aut.,2014,1,8
CELTA SPIRIT 1.0 MPFI FLEXPOWE,2012,1,8
COROLLA XEI 2.0 FLEX,2013,1,8
IX35 GL 2.0 16V 2WD FLEX AUT.,2017,1,7
PRISMA SEDAN LTZ 1.4 8V FLEXPO,2017,1,7
C4 CACTUS FEEL PACK 1.6 16V FL,2021,1,7
OUTLANDER 2.0 16V,2015,1,7
FAT BOB FXFBS,2021,1,7
ONIX HATCH LTZ 1.4 8V FLEXPOWE,2015,1,7
COMPASS LIMITED 2.0 4X4 DIESEL,2021,1,7
NINJA 250R,2009,1,7
NIVUS HIGHLINE 1.0 200 TSI FLE,2021,1,7
CELTA SPIRIT 1.0 MPFI FLEXPOWE,2010,1,7
SAVEIRO ROBUST 1.6 TOTAL FLEX,2020,1,7
ECOSPORT FREESTYLE 1.6 16V FLE,2015,1,7
ETIOS X  1.3 Flex 16V 5p Mec.,2017,1,7
Hilux CD 4x4 2.8 Diesel,2019,1,7
DUSTER ICONIC 1.6 16V FLEX AUT,2020,1,7
ETIOS X HB 1.3,2016,1,7
SANDERO Expression Hi-Flex 1.0 16V 5p,2012,1,7
HB20 SEDAN 1.6 COMFORT PLUS,2015,1,7
ONIX HATCH LT 1.0 8V FLEXPOWER,2013,1,7
MARCH SV 1.0 12V Flex 5p,2015,1,7
Up! take 1.0 Total Flex 12V 5p,2015,1,7
TORO RANCH 2.0 16V 4X4 DIESEL,2020,1,7
Ka 1.0 SE TiVCT Flex 5p,2020,1,7
Fox 1.0 Mi Total Flex 8V 5p,2013,1,7
KWID OUTSIDER 1.0 Flex 12V 5p,2021,1,7
S 10 PICK-UP LTZ 2.8 CD 4X4 TD,2021,1,7
HILUX SW4 SRV D4-D 4X4 3.0 TDI,2011,1,7
NINJA 300,2017,1,7
ECOSPORT FREESTYLE 1.6 16V FLE,2014,1,7
Kombi Standard 1.4 Mi Total Flex 8V,2012,1,7
MOBI LIKE 1.0 FIRE FLEX 4P.,2023,1,7
COBALT LTZ 1.4 FLEXPOWER,2012,1,7
CIVIC SEDAN LXR 2.0 FLEXONE,2014,1,7
ONIX SEDAN PLUS LT 1.0 12V 4P,2020,1,7
ONIX SED. PLUS PREM. 1.0 12V T,2019,1,7
Up! move 1.0 Total Flex 12V 5p,2014,1,6
FIT Twist 1.5 Flex 16V 5p Aut.,2013,1,6
Hilux CD SRV 4x4 2.8 TDI Diesel Aut.,2015,1,6
ETIOS X 1.3 FLEX 16V   AUT,2017,1,6
VOYAGE 1.6 MI TOTAL FLEX,2013,1,6
Bongo K-2500 2.5 4x2 TB Diesel,2011,1,6
Gol 1.0 Plus 16v 4p,2000,1,6
i30 1.8 16V 148cv Aut. 5p,2013,1,6
FOX CONNECT 16 FLEX 8V 5P,2018,1,6
BANDIT N-650,2011,1,6
SPIN LTZ 1.8 ECONOFLEX,2018,1,6
HR-V EX 1.8 Flexone 16V 5p Aut.,2021,1,6
ONIX,2018,1,6
LOGAN Expression Hi-Flex 1.6 8V 4p,2014,1,6
FIORINO ENDURANCE EVO 1.4 FLEX,2021,1,6
VERSYS-X 300 TOURER,2021,1,6
ARGO DRIVE 1.3 8V FLEX,2018,1,6
MONTANA 1.4 8V Conquest ECONOFLEX  2p,2009,1,6
JETTA 2.0 TSI TIPTRONIC,2017,1,6
TERRITORY TITANIUM 1.5 GTDI EC,2021,1,6
S10 PIC-UP H.COUNTRY 2.8 4X4 C,2018,1,6
CITY SEDAN EXL 1.5 FLEX  16V 4,2019,1,6
COMPASS LIMITED 350 2.0 4X4 DI,2022,1,6
SANDERO Expression Hi-Power 1.0 16V 5p,2015,1,6
VIRTUS HIGHLINE 200 TSI 1.0 FL,2019,1,6
HILUX SRV D4-D 3.0 CD 4X4 TB D,2015,1,6
CIVIC SEDAN EXL 2.0 FLEX 16V .,2019,1,6
FOX 1.0 MI TOTAL FLEX,2010,1,6
TORO RANCH 2.0 16V 4X4 DIESEL,2019,1,6
Gol CLi  1.6,1995,1,6
HILUX 2.8 CD 4X4 D,2017,1,6
FOX 1.0 MI TOTAL FLEX,2013,1,6
Hilux CD 4x4 2.8 Diesel,2020,1,6
Fiorino Furgão Work. HARD 1.4 Flex 8V 2p,2019,1,6
CIVIC SEDAN LXL 1.8 FLEX 16V,2012,1,6
TIGUAN Allspac R-Line 350 TSI 2.0 4x4,2019,1,6
STRADA ENDURANCE 1.4 FLEX 8V C,2020,1,6
NX 400i FALCON,2012,1,6
CELTA SPIRIT 1.0 MPFI FLEXPOWE,2009,1,6
RENEGADE SPORT 1.8 4X2 FLEX 16,2017,1,6
Tucson 2.0 16V Aut.,2008,1,6
GSX  650F,2009,1,6
Tucson 2.0 16V Aut.,2009,1,6
TORO Freedom 2.4 16V Flex Aut.,2017,1,6
Ka+ Sedan 1.0 TiCVT Flex 4p,2019,1,6
XTZ 250 LANDER 249cc,2009,1,6
CRUZE LTZ 1.4 16V TURBO FLEX 4,2019,1,6
HB20S Premium 1.6 Flex 16V Aut. 4p,2015,1,6
PRISMA LT 1.4 SPE/4 FLEX,2018,1,6
GRAND SIENA ESSENCE 1.6 16V FL,2013,1,6
GSX-R 750 W SRAD,2012,1,6
ONIX HATCH LT 1.0 12V FLEX 5P,2022,1,6
HB20 COMFORT 1.0 FLEX,2016,1,6
VOYAGE 1.6 MSI FLEX 8V 4P,2019,1,6
DUKE 200,2017,1,5
TIGGO 5X TXS 1.5 16V TURBO FLE,2021,1,5
VERSA SL 1.6 16V FlexStart 4p Aut.,2019,1,5
VOYAGE 1.0 FLEX 12V 4P,2022,1,5
CRETA SMART 1.6 16V FLEX AUT.,2019,1,5
Strada Working 1.4 mpi Fire Flex 8V CS,2015,1,5
AMAROK HIGHLINE CD 3.0 4X4 TB,2021,1,5
Fiorino Furg.1.3 Fire Flex,2011,1,5
9-150 E DELIVERY,2011,1,5
CIVIC SEDAN EXL 2.0 FLEX 16V .,2021,1,5
FIORINO FURGAO WORK. HARD 1.4,2020,1,5
HILUX SW4 SRX DIAMO. 4X4 2.8 T,2020,1,5
ECOSPORT TITANIUM 2.0 16V FLEX,2013,1,5
CG 125 TITAN-KS,2000,1,5
Celta LT 1.0 MPFI 8V FlexP. 5p,2013,1,5
HR-V EXL 1.8 FLEXONE 16V   AUT,2017,1,5
VIRTUS HIGHLINE 200 TSI 1.0 FL,2021,1,5
XRE 190 ADVENTURE FLEX,2021,1,5
Range Rover EVOQUE Pure Tech 2.0 Aut. 5p,2014,1,5
CRUZE LTZ 1.4 16V TURBO FLEX 4,2017,1,5
ix35 2.0 16V 170cv 2WD aut,2011,1,5
RENEGADE SPORT 1.8 4X2 FLEX 16,2019,1,5
CLIO 1.0 16V HI-FLEX,2011,1,5
HR-V EXL 1.8 FLEXONE 16V   AUT,2020,1,5
MONTANA LS 1.4 ECONOFLEX,2018,1,5
ONIX SEDAN PLUS LT 1.0 12V 4P,2021,1,5
YARIS XS SEDAN 1.5 FLEX 16V 4P,2019,1,5
ONIX HATCH PREM. 1.0 12V TB FL,2019,1,5
PRISMA SEDAN JOY 1.0 FLEX,2017,1,5
Palio ATTRACTIVE 1.0 EVO Fire Flex 8v 5p,2013,1,5
Ka 1.0 SE TiVCT Flex 5p,2018,1,5
SANDERO EXPRESSION 1.6 8V HI-F,2012,1,5
FIESTA SEDAN SE 1.6 8V FLEX,2013,1,5
HB20 PREMIUM 1.6 FLEX,2013,1,5
HR-V EX 1.8 Flexone 16V 5p Aut.,2015,1,5
Fiorino Furgão Work. HARD 1.4 Flex 8V 2p,2017,1,5
SANDERO EXPRESSION 1.0 16V HI-,2012,1,5
Range R.EVOQUE Dynamic 2.0 Aut 5p,2012,1,5
PRISMA  Sed. LT  1.4 8V Econof,2012,1,5
UP! MOVE 1.0 FLEX 12V,2014,1,5
COMPASS S 2.0 4x4 TB 16V Aut.,2021,1,5
DUSTER DYNAMIQUE 1.6 16V HI-FL,2014,1,5
Fiorino Furg.1.3 Fire Flex,2009,1,5
COMPASS LIMITED 2.0 4X4 DIESEL,2018,1,5
TORO FREEDOM 1.8 16V FLEX AUT,2020,1,5
HR 2.5 TCI Diesel (RD,2010,1,5
Palio ELX 1.0 mpi Fire 16v 4p (25 anos),2002,1,5
HB20S EVOLUTION 1.0 TB FLEX 12,2020,1,5
KA 1.5 16V FLEX,2015,1,5
Corsa Wind 1.0 EFI 2p,2000,1,5
Ka 1.0 SE TiVCT Flex 5p,2015,1,5
Fiesta S 1.0 8V Flex 5p,2014,1,5
UNO VIVACE CELEB. 1.0 EVO FIRE,2012,1,5
HB20 EVOLUTION 1.0 FLEX 12V ME,2022,1,5
Clio Hi-Flex 1.0 16V 3p,2010,1,5
HB20X DIAMOND 1.6 FLEX 16V AUT,2021,1,5
AMAROK HIGHLINE CD D 2.0 16V T,2012,1,5
UNO VIVACE 1.0 EVO Fire Flex 8V 5p,2014,1,5
HB20 COMFORT PLUS 1.0 FLEX,2018,1,5
IX 35 2.0 16V 2WD FLEX,2014,1,5
Uno Mille 1.0 Fire Flex 2p,2008,1,5
UNO WAY 1.0 EVO Fire Flex 8V 5p,2014,1,5
TRACKER LTZ 1.8 16V Flex 4x2 Aut.,2015,1,5
XTZ 250 LANDER 249cc,2006,1,5
Q3 2.0 TFSI Quat. 170/180cv S-,2014,1,5
Civic Sedan TOURING 1.5 Turbo 16V Aut.4p,2018,1,5
Palio ELX 1.0 Fire,2004,1,5
PALIO 1.0 FIRE FLEX,2008,1,5
RENEGADE LONGITUDE 1.8 4X2 FLE,2019,1,5
VOYAGE 1.6 MSI FLEX 8V 4P,2018,1,5
PRISMA SEDAN MAXX 1.4 ECONOFLE,2010,1,5
GOL 1.6 MSI FLEX 8V 5P,2020,1,5
HR 2.5 TCI Diesel (RD,2015,1,5
DELIVERY EXPRESS 2P (DIESEL)(E,2019,1,5
TORO VOLCANO 2.0 16V 4X4 TB DI,2020,1,5
Fit LX 1.4 16V Mec,2007,1,5
STRADA 1.4 MPI FIRE FLEX,2010,1,5
HILUX SR D4-D 3.0 CD 4X4 TB D,2015,1,5
XTZ 150 E CROSSER,2014,1,5
AMAROK High.CD 2.0 16V TDI 4x4 Dies. Aut,2014,1,5
TIGER 900 GT PRO,2021,1,5
FIT TWIST 1.5 FLEX,2013,1,5
CRETA ATTITUDE  1.6 16V AT FLE,2020,1,5
Fiorino Furg.1.3,2011,1,5
LIVINA SL 1.8 16V FLEX,2011,1,5
Saveiro Startline 1.6 T.Flex 8V,2014,1,5
COMPASS LIMITED 2.0 4X2 FLEX 1,2019,1,5
KICKS SV 1.6 16V FLEXSTAR AUT.,2020,1,5
HB20 COMFORT PLUS 1.0 FLEX,2014,1,4
COMPASS LIMITED 2.0 4X2 FLEX 1,2017,1,4
LOGAN Expres. S.Especial Flex 1.0 12V 4p,2018,1,4
KA GL 1.0i Zetec Rocam,2006,1,4
Master 2.5 dCi Chassi 16V 115cv Diesel,2012,1,4
KWID,2019,1,4
COROLLA XEI 2.0 FLEX,2010,1,4
TORO FREEDOM 1.3 T270 4X2 FLEX,2022,1,4
VOYAGE TRENDLINE 1.6 FLEX 8V,2018,1,4
ETIOS XS SD 1.5,2014,1,4
YARIS XL 1.5 FLEX 16V 5P AUT.,2022,1,4
VOYAGE 1.0 Mi Total Flex 8V 4p,2013,1,4
Megane Grand Tour Dynam. Hi-Flex 1.6 16V,2011,1,4
SPIN LT 1.8 ECONOFLEX,2015,1,4
KICKS S 1.6 16V FLEX 5P AUT.,2018,1,4
COROLLA GLI 1.8 FLEX,2011,1,4
HILUX 2.8 CD 4X4 D,2021,1,4
Master 2.3 dCi Furgão 16V Diesel,2014,1,4
UNO WAY 1.4 EVO FIRE FLEX,2010,1,4
HB20 Premium 1.6 Flex 16V Aut.,2013,1,4
Fit LX 1.5 Flexone 16V 5p Aut.,2019,1,4
CLASSIC LIFE 1.0 VHC E FLEXPOW,2012,1,4
COBALT LTZ 1.8 ECONOFLEX,2013,1,4
FIESTA SE 1.6 16V FLEX,2018,1,4
FOCUS FASTBACK TIT. 2.0 FLEX,2016,1,4
KICKS SL 1.6 16V FLEXSTAR   .,2020,1,4
CARGO 816 E TB,2012,1,4
RANGER XLS 2.2 4X4 CD DIESEL A,2021,1,4
Corsa Sed.Classic VHC  1.0,2000,1,4
SPIN LTZ 1.8 ECONOFLEX,2015,1,4
Fit EX 1.5 Aut,2005,1,4
Cerato 1.6 16V  Flex  Aut.,2013,1,4
ONIX HATCH LT 1.0 12V FLEX 5P,2021,1,4
YARIS XL SEDAN 1.5 FLEX 16V 4P,2019,1,4
Astra GL 1.8 MPFI 3p,2000,1,4
DUSTER OROCH EXP. 1.6 HI-FLEX,2021,1,4
TUCSON 2.0 16V FLEX,2014,1,4
SIENA EL 1.0 MPI FIRE FLEX,2010,1,4
FIORINO FURGAO WORK. HARD 1.4,2017,1,4
FIESTA S 1.5 16V FLEX,2015,1,4
Gol City (Trend) 1.0 Mi Total Flex 8V 4p,2010,1,4
FIESTA SEDAN 1.6 FLEX,2011,1,4
DUSTER EXPRESSION1.6 FLEX 16V,2018,1,4
VERSA SV 1.6 16V FLEXSTART  AU,2018,1,4
DUSTER OROCH DYNA. 2.0 HI-FLEX,2018,1,4
DYNA SUPER GLIDE,2009,1,4
FOX 1.6 MI TOTAL FLEX,2013,1,4
VITARA 4SPORT ALLGRIP 1.4 TB 1,2017,1,4
SPIN LT 1.8 8V Econo.Flex 5p Aut.,2014,1,4
HB20 EVOLUTION 1.0 FLEX 12V ME,2021,1,4
Z 300,2017,1,4
AMAROK High.CD 2.0 16V TDI 4x4 Dies. Aut,2012,1,4
CITY Sedan EXL 1.5 Flex  16V 4p Aut.,2021,1,4
Palio 1.0 Fire Flex 4p,2014,1,4
FOX CITY 1.0 MI TOTAL FLEX,2008,1,4
ARGO 1.0 6V FLEX.,2022,1,4
NX-4 FALCON 400,2000,1,4
320iA 2.0 Turbo 16V 184cv  4p,2013,1,4
YZF R-1 1000,2012,1,4
Celta LT 1.0 MPFI 8V FlexP. 5p,2015,1,4
SAVEIRO ROBUST 1.6 TOTAL FLEX,2017,1,4
A3 Sedan 1.4 TB FSI Flex Tiptronic 4p,2018,1,4
R 1200 GS,2011,1,4
SANDERO Expression Flex 1.6 16V 5p,2017,1,4
Ranger XLS 2.2 4x4 CD Diesel Aut.,2018,1,4
HB20X STYLE 1.6 FLEX 16V,2014,1,4
2008 ALLURE 1.6 FLEX 16V 4P AU,2016,1,4
RENEGADE LONGITUDE 2.0 4X4 TB,2018,1,4
POLO SEDAN 1.6 MI TOTAL FLEX,2012,1,4
TRACKER PREMIER1.2 TURBO 12V F,2021,1,4
VOYAGE 1.0 8V 4P,2009,1,4
Celta Spirit 1.0 MPFI VHC 8V 5p,2005,1,4
UNO MILLE ECONOMY 1.0 FLEX,2010,1,4
Fiesta 1.6 16V Flex Aut. 5p,2015,1,4
SANDERO STEP. ZEN FLEX 1.6 16V,2020,1,4
T-CROSS 1.0 TSI FLEX 12V 5P AU,2019,1,4
HB20 VISION 1.0 FLEX 12V MEC.,2022,1,4
HILUX CD SR 4X4 2.8 TDI DIESEL,2022,1,4
DUSTER DYNAMIQUE 2.0 16V HI-FL,2016,1,4
Q3 PRESTIGE PLUS 1.4 TFSI FLEX,2020,1,4
Fiesta S 1.0 8V Flex 5p,2013,1,4
CLASSIC LS 1.0 FLEXPOWER,2013,1,4
Corsa Wind 1.0 MPF,2000,1,4
KA+ SEDAN 1.5 16V FLEX,2014,1,4
Fiorino Endurance EVO 1.4 Flex 8V 2p,2020,1,4
Renegade Sport 1.8 4x2 Flex 16V Mec.,2017,1,4
COMPASS S T270 1.3 TB 4X2 FLEX,2021,1,4
SAVEIRO ROBUST 1.6 TOTAL FLEX,2019,1,4
TAOS COMFORTLINE 1.4 250 TSI F,2021,1,4
MONTANA PREMIER 1.2 TURBO FLEX,2023,1,4
DUSTER DYNAMIQUE 2.0 16V HI-FL,2015,1,4
HR 2.5 TCI Diesel (RD,2009,1,4
ETIOS X  1.3 Flex 16V 5p Mec.,2016,1,4
CB 650R,2021,1,4
HB20 SEDAN 1.6 PREMIUM,2015,1,4
Corsa Sed.Milenium 1.0,2001,1,4
POLO TRACK 1.0 FLEX 12V 5P,2023,1,4
UP! EXTREME 1.0 TSI TOTAL FLEX,2019,1,4
Fit LX 1.4 16V Mec,2010,1,4
PUNTO ATTRACTIVE 1.4 FLEX,2014,1,4
COROLLA ALTIS 2.0 FLEX,2015,1,4
DOWNTOWN 300i,2021,1,4
CRUZE LT 1.4 16V TURBO FLEX 4P,2019,1,4
ASX 2.0 4X4,2014,1,4
ECOSPORT FREESTYLE 1.5 12V FLE,2020,1,4
24-280 E CONSTELLATION 6X2,2015,1,4
Corsa Sed Class.Life 1.0,2005,1,4
GRAND SIENA ESSENCE 1.6 16V FL,2016,1,4
FIORINO FURGAO EVO 1.4 FLEX 8V,2015,1,4
Hilux SW4 SR 4x2 2.7 aut,2014,1,4
Grand Vitara 2.0 16V 5p Aut.,2013,1,4
207 XR 1.4 Flex 8V 5p,2011,1,4
JOY HATCH1.0 8V FLEX 5P MEC.,2020,1,4
24-280 E CONSTELLATION 6X2,2021,1,4
CRUZE LT 1.8 16V FLEXPOWER,2015,1,4
CAPTUR ICONIC 1.3 TB 16V FLEX,2021,1,4
PRISMA SED. ADVANT. 1.0 8V FLE,2014,1,4
VM 260 6X2 2p (diesel),2009,1,4
COROLLA ALTIS PREM. HYBRID 1.8,2022,1,4
ONIX HATCH LT 1.0 8V FLEXPOWER,2015,1,4
HB20 SEDAN 1.6 COMFORT PLUS,2013,1,4
SAVEIRO TRENDLINE 1.6 FLEX,2020,1,4
TORO FREEDOM 1.3 T270 4X2 FLEX,2021,1,4
KWID OUTSIDER 1.0 Flex 12V 5p,2019,1,4
Clio Hi-Flex 1.0 16V 5p,2010,1,4
KA 1.0 8V ST Flex,2011,1,4
Fiesta Sedan SE 1.6 16V Flex 4p,2011,1,4
VOYAGE 1.6 MSI Flex 8V 4p,2020,1,4
Axor 2544 S 6x2 2p (diesel) (E5),2018,1,4
COMPASS LONGITUDE 2.0 4X4 DIES,2018,1,4
ETIOS X 1.3 FLEX 16V   AUT,2018,1,4
F-250 XL 4.2 Turbo Diesel,2000,1,4
Fiorino Furg.1.3,2012,1,4
HR-V LX 1.8 FLEXONE 16V   AUT.,2016,1,4
FOX 1.0 MI TOTAL FLEX,2011,1,4
CRETA PULSE PLUS 1.6 16V FLEX,2019,1,4
SANDERO Expression Hi-Flex 1.6 8V 5p,2011,1,4
Civic Sedan EXL 2.0 Flex 16V Aut.4p,2017,1,4
KWID INTENSE 1.0 FLEX 12V 5P M,2020,1,4
XTZ 250 TENERE,2010,1,4
S 10 PICK-UP LT 2.8 CD TDI,2014,1,4
UNO ATTRACTIVE 1.0 FLEX 6V,2016,1,4
3008 GRIFFE 1.6 TB,2018,1,4
TIGUAN ALLSPACE R-LINE 350 TSI,2018,1,4
Fit EX 1.5 Aut,2013,1,4
Freelander2 SE 2.2 SD4 190cv T.Diesel,2012,1,4
Pajero TR4 2.0 Flex Aut,2011,1,4
MONTANA LS 1.4 ECONOFLEX,2017,1,4
ETIOS XLS SD 1.5,2013,1,3
ACTROS 2548 MP5 LS 6X2 2P (DIE,2021,1,3
RC 44 25,"",1,3
JETTA GLI 350 TSI 2.0 16V 4P A,2019,1,3
NOVO GOL 1.6 TOTAL FLEX,2012,1,3
IDEA ATTRACTIVE 1.4 FIRE FLEX,2012,1,3
Corsa Milenium  1.0 MPF,2002,1,3
HR 2.5 TCI HD RS,2012,1,3
MONTANA LS 1.4 ECONOFLEX,2015,1,3
ONIX JOYE 1.0 MECANICO,2018,1,3
Face 1.3 16V,2011,1,3
STRADA 1.4 MPI FIRE FLEX,2009,1,3
FOCUS HATCH 1.6 MPI,2009,1,3
NOVO GOL CITY 1.6 TOTAL FLEX,2012,1,3
NIVUS COMFORTLINE !.0 200 TSI,2021,1,3
HB20 Comf. 1.0,2018,1,3
Fit LX 1.4 16V Mec,2012,1,3
SANDERO EXPRESSION 1.0 16V HI-,2009,1,3
GRAND SIENA ESSENCE 1.6 16V FL,2014,1,3
XSARA PICASSO GLX 1.6 16V FLEX,2011,1,3
Kombi Standard 1.4 Mi Total Flex 8V,2007,1,3
S10 Pick-Up Std. 2.2 EFI,1997,1,3
FIESTA SE 1.6 16V FLEX,2012,1,3
ECOSPORT STORM 2.0 4WD 16V FLE,2018,1,3
CARGO 2429 E 6x2 Turbo 2p (diesel)(E5),2014,1,3
Polo1.0 Flex 12V 5p,2020,1,3
KA SEL 1.5 16V FLEX,2015,1,3
COMPASS S 2.0 4x4 TB 16V Aut.,2019,1,3
Palio ELX 1.0 4p,2000,1,3
Range R.EVOQUE Dynamic 2.0 Aut 5p,2013,1,3
Ranger XLS 2.5 16V 4x2 CD Flex,2014,1,3
RENEGADE STD 1.8 4X2 FLEX 16V,2020,1,3
SPACEFOX TREND 1.6 TOTAL FLEX,2014,1,3
HB20 SEDAN 1.6 COMFORT STYLE,2014,1,3
CIVIC SEDAN LXS 1.8 16V,2009,1,3
CITY Sedan EXL 1.5 Flex  16V 4p Aut.,2015,1,3
UNO WAY CELEB. 1.0 EVO FIRE FL,2012,1,3
MOBI TREKKING 1.0 FLEX 5P.,2022,1,3
TT 2.0 16v TFSI S-Tronic,2015,1,3
MERIVA MAXX 1.4 MPFI ECONOFLEX,2011,1,3
A4 2.0 16V 180 cv Multitronic,2011,1,3
SPIN ADVANTAGE 1.8 8V ECONO FL,2017,1,3
CRUZE HB Sport LT 1.8 16V FlexP. 5p Aut,2012,1,3
Uno Mille 1.0 Economy 2.p,2012,1,3
320 IA SPORT 2.0 TB 16V,2020,1,3
L200 TRITON SPORT GLS 2.4 CD D,2021,1,3
NOVO GOL 1.6 TOTAL FLEX,2011,1,3
FH 13 460 GLOBETROTTER 6X4 (E5,2014,1,3
SPORTAGE EX 2.0 16V FLEX,2018,1,3
S 10 PICK-UP LTZ 2.8 CD 4X4 TD,2020,1,3
VOYAGE 1.0 8V 4P,2012,1,3
COBALT ELITE 1.8 8V ECONO.FLEX,2017,1,3
KICKS SENSE 1.6 16V FLEX AUT.,2021,1,3
SPIN LTZ 1.8 ECONOFLEX,2016,1,3
Vectra GL 2.0 MPFI,1998,1,3
VERACRUZ GLS 3.8 4WD Aut.,2008,1,3
CLIO HATCH EXPRESSION 1.0 16V,2015,1,3
DELIVERY EXPRESS 2P (DIESEL)(E,2020,1,3
CITY SEDAN EXL 1.5 FLEX  16V 4,2021,1,3
CORSA SEDAN CLASSIC SPIRIT 1.0,2009,1,3
XVS 950 MIDNIGHT STAR,2014,1,3
VOYAGE HIGHLINE 1.6 MI TOTAL F,2016,1,3
FAT BOY FLFB,2019,1,3
Gol Special 1.0 2p,2000,1,3
SAVEIRO 1.6 MI/ 1.6 TOTAL FLEX,2012,1,3
Corsa Sedan GLS 1.6 16V MPFI 4p,1997,1,3
Renegade Sport 1.8 4x2 Flex 16V Aut.,2017,1,3
HB20 COMFORT PLUS 1.0 FLEX,2017,1,3
VW/SAVEIRO CS RB MPI,2023,1,3
DAILY CHASSI 35S14 2p (diesel),2008,1,3
FOX PLUS 1.6 MI TOTAL FLEX,2009,1,3
RAV4 2.0 TOP 4X2 16V AUT.,2017,1,3
L-200 TRITON HPE 3.2 CD TB IC,2012,1,3
FOCUS HATCH 1.6 MPI,2012,1,3
C4 CACTUS FEEL BUS. 1.6 FLEX A,2019,1,3
RENEGADE1.8 4X2 FLEX 16V AUT(P,2016,1,3
FOX CITY 1.0 MI,2004,1,3
L 1620,2008,1,3
COROLLA XEI 1.8 16V,2004,1,3
Fit LX 1.4 16V Mec,2004,1,3
POLO 1.6 MSI TOTAL FLEX 16V 4P,2019,1,3
24-280 E CONSTELLATION 6X2,2020,1,3
ECOSPORT TITANIUM 2.0 16V FLEX,2018,1,3
IDEA ADVENTURE LOCKER 1.8 FLEX,2010,1,3
Corsa Sedan Classic  1.6 MPFI,2003,1,3
FIT EX/S/EX 1.5 FLEX/FLEXONE 1,2017,1,3
Celta Life 1.0 MPFI 8v FlexPower 3p,2012,1,3
UNO VIVACE 1.0 EVO Fire Flex 8V 3p,2015,1,3
KA GL 1.0i Zetec Rocam,2004,1,3
L 1620,2009,1,3
2008 CROSSOWAY 1.6 FLEX 16V  A,2018,1,3
AMAROK CS 2.0 16V TDI 4x4,2013,1,3
LINEA ESSENCE DUALOGIC 1.8 16V,2013,1,3
FOX TRENDLINE 1.0 FLEX 8V,2014,1,3
Corolla SE-G 1.8 aut,2004,1,3
FASTBACK LIMITED ED.1.3 270 T.,2022,1,3
Kombi Furgão 1.4 Mi Total Flex 8V,2009,1,3
CORSA SEDAN CLASSIC LIFE 1.0 F,2008,1,3
5-150 E DELIVERY,2013,1,3
Polo Comfort. 200 TSI 1.0 Flex 12V Aut.,2018,1,3
RANGER LIMITED 3.2 20V 4X4 CD,2018,1,3
PAJERO TR4 2.0 16V 4X4,2010,1,3
HILUX SRV D4-D 3.0 CD 4X4 TB D,2011,1,3
S 10 PICK-UP LTZ 2.8 CD 4X4 TD,2023,1,3
STRADA HARD WORKING CABINE ESTENDIDA E,2019,1,3
Up! take 1.0 Total Flex 12V 5p,2017,1,3
KA+ SEDAN 1.0 TICVT FLEX,2020,1,3
KA 1.5 SE PLUS 12V FLEX 4P AUT,2020,1,3
PAJERO TR4 2.0 16V 4X4 FLEX,2011,1,3
PUNTO ESSENCE DUALOGIC 1.6 16V,2014,1,3
S 10 PICK-UP LT 2.8 CD 4X4 TDI,2019,1,3
Astra GL Milenium 1.8 MPFI 4p,2001,1,3
C4 LOUNGE Shine 1.6 Turbo Flex Aut.,2018,1,3
CRETA ATTITUDE  1.6 16V AT FLE,2021,1,3
FIT EXL 1.5 FLEX/FLEXONE 16V 5,2015,1,3
COROLLA CROSS XRV 1.8 16V AUT.,2021,1,3
CARGO 2429 E 6X2 TB,2014,1,3
C4 CACTUS FEEL 1.6 16V FLEX AU,2019,1,3
Vectra  2.0,1999,1,3
COROLLA ALTIS PREM. HYBRID 1.8,2019,1,3
TAOS HIGHLINE 1.4 250 TSI FLEX,2021,1,3
STRADA 1.4 MPI FIRE FLEX,2011,1,3
ARGO DRIVE GSR 1.3 8V FLEX,2017,1,3
PRISMA Sed. LT 1.4 8V FlexPower 4p,2018,1,3
T-Cross Sense 1.0 TSI Flex 5p Aut.,2022,1,3
JETTA 2.0 Total Flex 8V 4p Mec.,2011,1,3
S10 PICK-UP LT 2.8 TDI 4X4 CD,2018,1,3
UNO DRIVE 1.0 Flex 6V 5p,2017,1,3
207 SEDAN PASSION XR SPORT 1.4,2011,1,3
Corsa Hat. Maxx 1.4 8V ECONOFLEX 5p,2007,1,3
206 Presence 1.4 5p,2008,1,3
Saveiro 1.6 Mi,2002,1,3
Civic Sedan TOURING 1.5 Turbo 16V Aut.4p,2016,1,3
LOGAN Expression Hi-Flex 1.6 8V 4p,2016,1,3
COMPASS LONGITUDE 2.0 4x2 Flex 16V Aut.,2016,1,3
Uno Mille 1.0 Fire 2p,2004,1,3
Uno Mille EP 2p e 4p,1995,1,3
DUSTER DYNAMIQUE 1.6 16V HI-FL,2013,1,3
Fiorino Furgão Work. HARD 1.4 Flex 8V 2p,2018,1,3
SPIN LTZ 1.8 ECONOFLEX,2014,1,3
Fox City 1.0 Mi Total Flex 4p,2005,1,3
Palio ELX 1.4 mpi Fire Flex 8V 4p,2006,1,3
FH 13 540 GLOBETROTTER 6X4 (E5,2020,1,3
Kangoo Express Hi-Flex 1.6 16V,2016,1,3
TUCSON 2.0 16V,2009,1,3
UNO MILLE WAY ECONOMY 1.0 FIRE,2010,1,3
COROLLA GLI 2.0 16V FLEX AUT.,2020,1,3
UNO MILLE ECONOMY 1.0 FLEX,2013,1,3
ONIX SED. PLUS PREM. 1.0 12V T,2021,1,3
FIORINO,2020,1,3
Clio Sed. Privilège Hi-Flex 1.6 16V 4p,2005,1,3
POLO SEDAN 1.6 MI TOTAL FLEX,2007,1,3
HB20 COMFORT PLUS 1.6 FLEX,2015,1,3
GRAND SIENA ESSENCE 1.6 16V FL,2012,1,3
HB20 PREMIUM 1.6 FLEX,2014,1,3
UNO WAY 1.0 EVO FIRE FLEX,2015,1,3
UNO VIVACE Celeb. 1.0 EVO F.Flex 8V 5p,2014,1,3
YARIS XL LIVE 1.3 FLEX 16V 5P,2021,1,3
HB20 SEDAN 1.6 COMFORT STYLE,2018,1,3
ROAD GLIDE ULTRA FLTRU,2018,1,3
GRAND SIENA ESSENCE 1.6 16V FL,2015,1,3
ULTRA LIMITED FLTHTK,2020,1,3
Saveiro Robust 1.6 Total Flex 8V,2017,1,3
SANDERO STEPWAY 1.6 16V HI-FLE,2013,1,3
COROLLA CROSS GR-S 2.0 16V FLE,2022,1,3
GOL TRENDLINE 1.0 T.FLEX 12V 4,2016,1,3
Strada Adventure 1.8 Flex CD,2012,1,3
CITY SEDAN PERSONAL 1.5 FLEX 1,2018,1,3
SPORTAGE EX 2.0 16V FLEX,2014,1,3
FOX 1.6 MI TOTAL FLEX,2014,1,3
C3 PICASSO GLX 1.5 FLEX,2012,1,3
METEOR 28.460 6X2 2P (DIESEL)(,2022,1,3
KICKS UCL 1.6 16V FLEX 5P AUT.,2019,1,3
SANDERO EXP. S.ESPECIAL FLEX 1,2019,1,3
Fit EX 1.5 Aut,2006,1,3
PALIO 1.0 FIRE,2008,1,3
CROSSFOX 1.6 MI TOTAL FLEX,2012,1,3
S10 P-Up Advant. 2.4 CD,2016,1,3
Palio ESSENCE 1.6 Flex 16V 5p,2014,1,3
Celta Spirit 1.0 MPFI VHC 8V 5p,2004,1,3
ARGO DRIVE GSR 1.3 8V FLEX,2018,1,3
PRISMA SEDAN LTZ 1.4 8V FLEXPO,2018,1,3
Palio 1.0 Fire Flex  2p,2006,1,3
Clio RN Exp 1.0 5p,2014,1,3
HR-V LX 1.8 FLEXONE 16V   AUT.,2018,1,3
FOX CONNECT 16 FLEX 8V 5P,2020,1,3
CRETA PULSE 2.0 16V FLEX AUT.,2017,1,3
STRADA WORKING 1.4 MPI FIRE FL,2010,1,3
UNO ATTRACTIVE 1.0 EVO FIRE FL,2015,1,3
FASTBACK AUDACE 1.0 200 T. FLE,2023,1,3
KICKS S 1.6 16V FLEX 5P AUT.,2020,1,3
Strada Working 1.5 mpi 8v CS,2001,1,3
Frontier XE CD 4x2 2.5 TB Diesel,2012,1,3
HILUX SW4 SRV D4-D 4X4 3.0 TDI,2009,1,3
KANGOO EXPRESS HI-FLEX 1.6 16V,2010,1,3
15-190 E CONSTELLATION,2013,1,3
206 Presence 1.4 Flex 5p,2007,1,3
SPACEFOX 1.6 MI TOTAL FLEX,2013,1,3
ARGO,2021,1,3
SAVEIRO TRENDLINE 1.6 FLEX,2017,1,3
SPACEFOX TREND 1.6 TOTAL FLEX,2013,1,3
GRAND VITARA 2.0 16V,2015,1,3
UNO MILLE 1.0 FIRE FLEX,2011,1,3
TORO FREEDOM 1.8 16V FLEX AUT,2021,1,3
ETIOS XS SD 1.5,2013,1,3
HB20 COMFORT 1.0 FLEX,2015,1,3
RANGER LIMITED 3.2 20V 4X4 CD,2014,1,3
C3 TENDANCE 1.5 FLEX,2013,1,3
HILUX SR D4-D 3.0 CD 4X4 TB D,2012,1,3
HB20 COMFORT PLUS 1.6 FLEX,2013,1,3
MONTANA LS 1.4 ECONOFLEX 8V 2p,2016,1,3
Astra Advantage 2.0 MPFI 8V FlexPower 5p,2010,1,3
CELTA LT 1.0 MPFI FLEX,2011,1,3
PRISMA SEDAN JOY 1.4 ECONOFLEX,2008,1,3
SANDERO STEPWAY 1.6 16V HI-FLE,2012,1,3
24-250 E CONSTELLATION,2010,1,3
FIT LX 1.4 FLEX,2012,1,3
SAVEIRO 1.6 MI TOTAL FLEX CE,2011,1,3
FLUENCE Sedan Dynamique 2.0 16V FLEX Aut.,2013,1,3
S10 P-Up Advant. 2.4 CD,2008,1,3
ONIX HATCH LT 1.0 12V FLEX 5P,2023,1,3
NOVO GOL CITY 1.0 TOTAL FLEX,2010,1,3
NEXT 300cc,2019,1,3
Fox 1.6 Mi I MOTION Total Flex 8V 5p,2012,1,3
ETIOS XLS Sedan 1.5 Flex 16V 4p Mec.,2014,1,3
TUCSON GL 1.6 TURBO 16V AUT.,2017,1,3
JOURNEY RT 2.7 V6 185cv Aut.,2011,1,2
RANGER XLS 2.2 4X2 CD DIESEL A,2020,1,2
S 10 PICK-UP LS 2.4 FLEX POWER,2014,1,2
AIRCROSS GLX 1.6 16V FLEX,2011,1,2
CAPTIVA SPORT FWD 2.4 16V 185cv,2012,1,2
RANGER XL 3.0 PSE 4X4 TB D,2010,1,2
2500 LARAM. 6.7 NIGHT ED. TB C,2020,1,2
SANDERO AUTH. S.ESPECIAL FLEX,2019,1,2
STRADA 1.4 MPI FIRE FLEX,2008,1,2
SOUL 1.6 16V,2011,1,2
Palio Trofeo 1.0 Fire 2p,2002,1,2
MONTANA LS 1.4 ECONOFLEX,2012,1,2
LANCER 2.0 16V,2014,1,2
PAJERO TR4 2.0 16V 4X2 FLEX NO,2012,1,2
POLO 1.6 E FLEX,2012,1,2
S10 PIC-UP H.COUNTRY 2.8 4X4 C,2021,1,2
UNO WAY CELEB. 1.0 EVO FIRE FL,2011,1,2
MOBI LIKE,2019,1,2
FH 13 460 6X2 (E5),2013,1,2
ATEGO 1719 (E5),2013,1,2
CLASSIC LIFE 1.0 VHC E FLEXPOW,2011,1,2
CORSA SEDAN CLASSIC LIFE 1.0 V,2005,1,2
PUNTO ESSENCE 1.6 FLEX,2010,1,2
AMAROK TRENDLINE CD 2.0 16V TD,2011,1,2
FH 13 440 4X2,2007,1,2
Focus Sedan 1.6 8v,2005,1,2
AXOR 2540 S 6X2,2010,1,2
FIT EXL 1.5 FLEX,2015,1,2
MOBI LIKE ON 1.0 FIRE FLEX 4P.,2016,1,2
SANDERO EXPRESSION 1.6 8V HI-F,2013,1,2
FIT LXL 1.4 FLEX,2012,1,2
VERSA SL 1.6 16V FlexStart 4p Aut.,2016,1,2
TORO FREEDOM 1.3 T270 4X2 FLEX,2023,1,2
Fit LX 1.4 8V Mec,2005,1,2
Kwid Outsider 1.0 MT-2022/2023,2023,1,2
Corsa Hat. Max 1.0 FlexPower,2006,1,2
S 10 PICK-UP LT 2.4 CD FLEX PO,2013,1,2
Corolla ALTIS 2.0 Flex 16V Aut.,2010,1,2
HB20 PLATINUM 1.0 TB FLEX 12V,2022,1,2
FIT LXL 1.4 FLEX,2011,1,2
F-150 Raptor,2010,1,2
PALIO ESSENCE 1.6 16V FLEX,2011,1,2
CR-V EXL 2.0 Flexone  Aut.,2014,1,2
14-190 CONSTELLATION 2P (DIESE,2021,1,2
COMPASS,2018,1,2
ZAFIRA EXPRESSION 2.0 MPFI FLE,2010,1,2
CITY SEDAN LX 1.5 FLEX,2013,1,2
COMPASS SPORT T270 1.3 TB 4X2,2022,1,2
HB20,2013,1,2
VOYAGE TRENDLINE 1.6 FLEX 8V,2015,1,2
TIGUAN ALLSPACE 250 TSI 1.4 FL,2019,1,2
ETIOS PLATINUM SED. 1.5 FLEX 1,2018,1,2
SAVEIRO TRENDLINE 1.6 FLEX,2015,1,2
FIESTA SE PLUS 1.6 16V FLEX 5P,2018,1,2
Focus Fastback SE PLUS 2.0 Flex Aut.,2015,1,2
ECOSPORT FREESTYLE 2.0 16V FLE,2014,1,2
BRAVO SPORTING 1.8 FLEX 16V,2014,1,2
BONGO K 2500 2.5 D,2010,1,2
DUSTER TECHROAD 2.0 16V,2013,1,2
DUSTER,2013,1,2
PRISMA SEDAN MAXX 1.4 ECONOFLE,2009,1,2
PALIO WEEKEND ELX 1.4 MPI FIRE,2008,1,2
RANGER XLS 2.2 4X4 CD DIESEL M,2013,1,2
FOX 1.6 HIGHLINE VHT FLEX,2010,1,2
CITY SEDAN LX 1.5 FLEX,2009,1,2
Meriva 1.8 MPFI 8V 102cv,2003,1,2
208 ACTIVE 1.2 FLEX 12V   MEC.,2019,1,2
RANDON SR FG LO 3E,2021,1,2
MASTER 2.5 CHASSI DCI D,2012,1,2
PALIO 1.0 FIRE,2003,1,2
FIT DX 1.5 FLEXONE 16V,2016,1,2
ECOSPORT SE 2.0 FLEX,2015,1,2
COROLLA FIELDER SW 1.8 16V,2006,1,2
GSX 750 F,2006,1,2
NOVO GOL CITY 1.6 TOTAL FLEX,2011,1,2
CIVIC SEDAN LXS 1.8 16V FLEX,2009,1,2
C-200 Kompressor Avant.1.8 16V Aut,2009,1,2
AMAROK SE CD 2.0 16V TDI 4x4 Diesel,2013,1,2
T-CROSS 1.0 TSI FLEX 12V 5P AU,2023,1,2
DOBLO ADVENTURE LOCKER 1.8 MPI,2010,1,2
GRAND SIENA ESSENCE DUALOGIC 1,2017,1,2
JETTA TRENDLINE 1.4 TSI 16V 4P,2016,1,2
TRACKER LTZ 1.0 TURBO 12V FLEX,2020,1,2
TIGUAN 2.0 TSI 16V TIPTRONIC,2013,1,2
HB20 SEDAN 1.0 COMFORT PLUS,2019,1,2
Ranger XLT 2.5 4x4 CD Diesel,2000,1,2
Vectra GLS,1994,1,2
Grand Siena ESSENCE 1.6 Flex 16V,2015,1,2
L-1621 3-Eixos 2p (diesel),1995,1,2
IDEA ATTRACTIVE 1.4 FIRE FLEX,2013,1,2
ETIOS XLS SD 1.5,2015,1,2
FIORINO FURGAO 1.5,2013,1,2
COROLLA XEI 1.8 16V,2008,1,2
GOL,2020,1,2
STRADA TREKKING 1.6 FLEX CD,2014,1,2
FIESTA 1.0 FLEX,2008,1,2
FOCUS HATCH 2.0 16V FLEX,2011,1,2
MOBI WAY 1.0 FIRE FLEX 4P,2017,1,2
MERIVA JOY 1.8 FLEXPOWER,2006,1,2
Courier 1.6 L,2001,1,2
SANDERO AUTHENTIQUE 1.0 16V HI,2009,1,2
S 10 PICK-UP EXECUTIVE 2.8 CD,2009,1,2
SAVEIRO CITY 1.6 MI TOTAL FLEX,2008,1,2
LOGAN ZEN FLEX 1.0 12V 4P MEC.,2021,1,2
NINJA 300,2016,1,2
FOX ROUTE 1.6 MI TOTAL FLEX,2008,1,2
FIESTA 1.0 FLEX,2009,1,2
Classic LS 1.0 VHC FlexPower 4p,2009,1,2
ARRIZO 6 PRO 1.5 TURBO (HIBRID,2023,1,2
320IA 2.0 TB M SPORT ACTIVEFLE,2015,1,2
RANGER LIMITED 3.2 20V 4X4 CD,2016,1,2
SENTRA S 2.0 FLEXSTART 16V AUT,2018,1,2
PALIO 1.0 FIRE,2014,1,2
Gol CLi  1.6,1994,1,2
AMAROK SE CD 2.0 16V TDI 4x4 Diesel,2011,1,2
CLASSE A 200 1.6 TB 156CV AUT.,2014,1,2
VIRTUS,2019,1,2
8.150 E DELIVERY,2008,1,2
DOBLO CARGO 1.4 MPI FIRE FLEX,2014,1,2
SIENA EL CELEBRATION 1.0 MPI F,2011,1,2
HILUX 2.8 CD 4X4 D,2018,1,2
R 440 A 6X4 HIGHLINE (E5),2014,1,2
T40 PLUS 1.6 16V 5p Aut.,2021,1,2
KWID LIFE 1.0 FLEX 12V 5P MEC.,2019,1,2
R-510 A 6X4 HIGHLINE 2P (DIESE,2018,1,2
T-CROSS 1.0 TSI FLEX 12V 5P AU,2020,1,2
LOGAN EXPRES. AVANTAGE FLEX 1.,2019,1,2
CARGO 816 E TB,2013,1,2
Renegade1.8 4x2 Flex 16V Mec.,2018,1,2
CELTA LS 1.0 MPFI FLEX,2013,1,2
ETIOS PLATINUM 1.5 FLEX 16V 4P,2018,1,2
FIT EXL 1.5 FLEX/FLEXONE 16V 5,2016,1,2
SAVEIRO CROSS 1.6 T. FLEX 16V,2016,1,2
Corsa GL 1.6 MPFI,1996,1,2
CRETA,2017,1,2
8-160 E DELIVERY,2012,1,2
Saveiro TROOPER 1.6 Mi Total Flex 8V CE,2013,1,2
FIT EX 1.5 16V,2014,1,2
Fiorino Furg.1.3 Fire Flex,2013,1,2
DUSTER OROCH DYNA. 2.0 HI-FLEX,2016,1,2
NIVUS COMFORTLINE 1.0 200 TSI FLEX AUT.,2021,1,2
Palio Weekend ELX 1.0 mpi Fire 16V,2001,1,2
MONTANA 1.8,2006,1,2
GRAND LIVINA SL 1.8 16V FLEX,2010,1,2
208 GRIFFE 1.6 FLEX,2014,1,2
XC 90 T-6 MOMENTUM 2.0 320CV 4,2015,1,2
Corsa Pick-Up STD 1.6 MPFI,2000,1,2
MARCH SV 1.0 12V FLEX,2018,1,2
COROLLA XLI 1.8 16V FLEX,2007,1,2
KA GL 1.0i Zetec Rocam,2001,1,2
DUSTER DAKAR 1.6 HI-FLEX 16V M,2016,1,2
METEOR 29.520 6X4 2P (DIESEL)(,2022,1,2
FIESTA SEDAN 1.6 FLEX,2012,1,2
P-320 B 8X2 2P (DIESEL)(E5),2019,1,2
Palio Week. Adv/Adv TRYON 1.8 mpi Flex,2014,1,2
FRONTIER LE ATTACK 2.5 CD 4X4,2012,1,2
Corolla Cross XRX 1.8 16V Aut.(Híbrido),2021,1,2
XC 60 T-8 HIBRIDO MOMENTUM 2.0,2021,1,2
SANDERO ZEN FLEX 1.6 16V 5P ME,2019,1,2
TRACKER 2.0 16v 128cv MPFI 4x4 5p,2009,1,2
HB20S Premium 1.6 Flex 16V Mec. 4p,2014,1,2
TECTOR 24-280 6X2 (DIESEL)(E5),2023,1,2
UP! WHITE 1.0 FLEX 12V,2014,1,2
PALIO ELX 1.4 MPI FIRE FLEX,2010,1,2
ETIOS XS Sedan1.5 Flex 16V 4p Mec.,2016,1,2
KANGOO AUTHENTIQUE HI-FLEX 1.6,2007,1,2
Toro Endurance 2.0 16V 4x4 Diesel Aut.,2021,1,2
C4 CACTUS FEEL PACK 1.6 16V FL,2020,1,2
AMAROK HIGHLINE CD 3.0 4X4 TB,2020,1,2
F 4.000 TROPICAMPO CD 3.9 TDI,2011,1,2
Saveiro 1.6 Mi,2011,1,2
HB20 SEDAN 1.6 PREMIUM,2016,1,2
AXOR 2644 S 6X4 (E5),2015,1,2
Palio EL 1.6 spi 2p e 4p,1998,1,2
HRV,2019,1,2
ONIX HATCH EFFECT 1.4 8V F.Power 5p Mec.,2015,1,2
Doblo ELX 1.8 mpi 8V Flex,2006,1,2
SPACECROSS 1.6 TOTAL FLEX,2013,1,2
SIENA EL CELEB 1.4 MPI FIRE FL,2014,1,2
FIESTA SEL 1.6 16V FLEX  AUT.,2017,1,2
TORO ENDURANCE 1.8 16V FLEX AU,2020,1,2
CITY SEDAN EX 1.5 FLEX 16V 4P,2017,1,2
AMAROK HIGHLINE CD D 2.0 16V T,2019,1,2
Fiorino Furg.1.3,2004,1,2
Palio Celebration 1.0 Fire Flex 8V 4p,2015,1,2
2500 LARAM. 6.7 NIGHT ED. TB C,2021,1,2
CRETA,2019,1,2
MERIVA JOY 1.8 FLEXPOWER,2007,1,2
Uno Mille 1.0 Economy 4p,2006,1,2
COMMANDER OVERL. TD380 2.0 4X4,2021,1,2
OUTLANDER 3.0 aut,2016,1,2
Corsa Sedan GL 1.6  MPFI 4p,1998,1,2
VOYAGE COMFORTLINE 1.6 MI TOTA,2015,1,2
HB20X EVOLUTION 1.6 FLEX 16V A,2020,1,2
S10 Pick-Up 2.4 MPFI 8v 128cv CD 4p,2000,1,2
FLUENCE SEDAN PRIVILEGE 2.0 16,2015,1,2
TORO FREEDOM ROAD 2.4 16V FLEX,2017,1,2
AMAROK TRENDLINE CD 2.0 16V TD,2014,1,2
DUSTER DYNAMIQUE 2.0 16V HI-FL,2012,1,2
Kombi Pick-Up,1997,1,2
AIRCROSS EXCLUSIVE 1.6 16V FLE,2011,1,2
FOX 1.0 MI TOTAL FLEX,2009,1,2
SAVEIRO TROOPER CE 1.6 MI TOTA,2011,1,2
PRISMA SEDAN LS 1.0 FLEX,2017,1,2
L200 Triton HPE 3.2 CD TB Int.Diesel Aut,2015,1,2
HB20 SEDAN 1.6 COMFORT STYLE,2015,1,2
COROLLA DYNAMIC 2.0 FLEX 16V A,2016,1,2
COBALT LT 1.4 FLEXPOWER,2014,1,2
SPIN LT 1.8 8V ECONO.FLEX 5P A,2013,1,2
ATEGO 2425,2010,1,2
COROLLA XLI 1.6 16V,2005,1,2
MONTANA CONQUEST 1.8 FLEXPOWER,2007,1,2
STRADA,2020,1,2
Strada 1.4 mpi Fire Flex 8V CS,2009,1,2
SPIN PREMIER 1.8 8V ECONO.FLEX,2021,1,2
Uno Mille 1.0 Economy 4p,2002,1,2
RANGER XLT 3.2 20V 4X4 CD D,2019,1,2
ECOSPORT SE 1.6 16V FLEX,2016,1,2
15-190 E Constellation 2p (diesel)(E5),2014,1,2
FIESTA 1.0 FLEX,2010,1,2
ATEGO 2730B 6X4 2P (DIESEL)(E5,2020,1,2
FIORINO FURGAO 1.5,2010,1,2
HB20 SENSE 1.0 FLEX 12V MEC.,2019,1,2
S 10 PICK-UP LS 2.8 4X4 TDI D,2018,1,2
ETIOS PLATINUM 1.5 FLEX 16V 4P,2017,1,2
XT 600 E,1994,1,2
Fiesta Personnalité 1.0 8V 66cv 5p,2002,1,2
FIT LX 1.4 FLEX,2008,1,2
ONIX,2014,1,2
PUNTO ESSENCE 1.6 FLEX,2016,1,2
Palio Trofeo 1.0 Fire 2p,2005,1,2
L200 TRITON SPORT GLX 2.4 CD D,2019,1,2
ETIOS XLS SEDAN 1.5 FLEX 16V 4,2018,1,2
ONIX HATCH LTZ 1.0 12V TB FLEX,2022,1,2
Ducato Multi Long. 2.3 T.Alto ME Diesel,2011,1,2
DOBLO ADVENTURE ER 1.8 MPI,2005,1,2
C-180 CGI Sport 1.6 TB 16V 156cv Aut.,2014,1,2
HB20 COMFORT PLUS 1.6 FLEX,2016,1,2
GOL POWER 1.6 MI TOTAL FLEX,2004,1,2
Fit EX 1.5 Aut,2015,1,2
Fusion 2.5L I-VCT Flex Aut.,2013,1,2
LOGAN DYNAMIQUE HI-FLEX 1.6 8V,2014,1,2
PRISMA SEDAN LTZ 1.4 8V FLEXPO,2013,1,2
ECOSPORT SE 1.6 16V FLEX,2012,1,2
FOX BLUEMOTION 1.6 MI TOTAL FL,2012,1,2
LOGAN Expres. 1.0,2016,1,2
DOBLO ESSENCE 1.8 16V FLEX,2019,1,2
Palio Weekend Trekking 1.6 Flex 16V 5p,2012,1,2
Zafira Expres. 2.0 MPFI FlexPower 5p Aut,2007,1,2
Celta Spirit 1.0 MPFI 8V FlexPower 3p,2005,1,2
Saveiro 1.6 Mi Total Flex 8V CE,2013,1,2
710 PLUS,2007,1,2
L 1620,2007,1,2
RANGER XLT 3.0 PSE 4X4 CD TB D,2011,1,2
AMAROK EXTREME CD 3.0 4X4 TB D,2020,1,2
UNO ATTRACTIVE 1.0 EVO FIRE FL,2019,1,2
AMAROK HIGHLINE CD D 2.0 16V T,2013,1,2
TECTOR 24-300 6X2 (DIESEL)(E5),2023,1,2
SANDERO PRIVILEGE 1.6 HI-FLEX,2011,1,2
PARTNER FURGAO 1.6 16V FLEX,2018,1,2
FIORINO,2014,1,2
Corsa Sedan Classic  1.6 MPFI,2004,1,2
Astra Sedan Expres. GLS 2.0 8v 4p,2002,1,2
COURIER L 1.6 MPI,2011,1,2
IDEA ADVENTURE 1.8 MPI FLEX,2011,1,2
1199 Panigale S,2015,1,2
Idea ELX 1.4 mpi Fire Flex 8V 5p,2005,1,2
AXOR 2544 S 6X2 (E5),2014,1,2
XF FTT530 6X4 SPACE CAB (DIE)(,2020,1,2
ACCELO 915 C,2011,1,2
EQUINOX PREMIER 20 TURBO AWD 2,2018,1,2
JETTA 2.0 TSI TIPTRONIC,2016,1,2
GRAND SIENA ATTRACTIVE 1.4 EVO,2016,1,2
Fit EX 1.5 Flex Aut,2018,1,2
VOYAGE HIGHLINE 1.6 MI TOTAL F,2017,1,2
ECOSPORT TITANIUM 2.0 16V FLEX,2014,1,2
VOYAGE 1.6 MSI FLEX 16V 4P AUT,2019,1,2
DUSTER TECHROAD 2.0 16V,2014,1,2
POLO SEDAN 1.6 MI TOTAL FLEX,2010,1,2
AMAROK HIGHLINE CD 3.0 4X4 TB,2022,1,2
11-180 DELIVERY 2P (DIESEL)(E5,2020,1,2
SIENA 1.0 FIRE FLEX,2006,1,2
MERIVA COLLECTION 1.4 8V ECONO,2012,1,2
MONTANA CONQUEST 1.8 FLEXPOWER,2005,1,2
L200 Triton HPE 3.2 CD TB Int.Diesel Aut,2008,1,2
SANTA FE GLS 3.3 V6 4X4 TIPTRO,2014,1,2
FOX CITY 1.0 MI,2007,1,2
Astra 2.0 8v 3p,2000,1,2
208 GRIFFE 1.6 FLEX 16V 5P AUT,2013,1,2
Sprinter 311 Furgão Curto 2.2 Dies,2012,1,2
ARGO DRIVE S-DESIGN 1.3 8V FLE,2021,1,2
Ranger XLT 2.5 16V 4x2 CD Flex,2013,1,2
TRACKER LT 1.4 TURBO 16V FLEX,2018,1,2
FIT LX 1.4 FLEX,2011,1,2
POLO HIGHLINE 200 TSI 1.0 FLEX,2020,1,2
SORENTO 2.4 16V,2014,1,2
ECOSPORT SE 1.5 12V FLEX 4P AU,2017,1,2
32-360 Constellation 6x4 2p (diesel)(E5),2020,1,2
COBALT LTZ 1.8 8V ECONO.FLEX 4,2012,1,2
GOL CITY (TREND) 1.0 TOTAL FLE,2013,1,2
FUSION TITANIUM AWD 2.0 16V GT,2014,1,2
XF 105 FTT 510 6X4 (DIESEL)(E5,2018,1,2
Civic Sedan LXS 1.8 Flex Aut,2013,1,2
VOYAGE TREND 1.6 MI TOTAL FLEX,2011,1,2
SPACEFOX 1.6 HIGHLINE,2014,1,2
ONIX HATCH RS 1.0 TB 12V Flex 5p Aut.,2022,1,2
NOVO GOL 1.0 MI TOTAL FLEX,2008,1,2
Passat 1.8 Mec.,1998,1,2
DUSTER DYNAMIQUE 1.6 FLEX 16V,2018,1,2
Vectra GLS,1998,1,2
HILUX CS 4X4 2.8 TDI MEC.,2018,1,2
Uno Mille 1.0 Economy 4p,2001,1,2
L200 Triton Sport GLS 2.4 CD Diesel Aut.,2020,1,2
ATEGO 1719 (E5),2022,1,2
Fit EX 1.5 Flex Aut,2019,1,2
UNO SPORTING 1.4 EVO FIRE FLEX,2012,1,2
HR 2.5 TCI HD RD,2010,1,2
F-4000 TURBO(MWM) 2p (diesel),1985,1,2
308 GRIFFE 1.6 TURBO FLEX 16V,2016,1,2
HILUX SRV D4-D 3.0 CD 4X4 TB D,2010,1,2
Toro Ranch 2.0 16V 4x4 Diesel Aut.,2021,1,2
OUTLANDER SPORT HPE 2.0 16V FL,2021,1,2
L-200 OUTDOOR GLS 2.5 4X4 CD T,2011,1,2
MEGANE SEDAN DYNAMIQUE 2.0 16,2007,1,2
Celta Spirit 1.0 MPFI 8V FlexP. 5p,2007,1,2
STRADA ENDURANCE 1.4 FLEX 8V C,2023,1,2
WR-V EXL 1.5 FLEXONE 16V 5P AU,2017,1,2
PALIO 1.0 FIRE,2015,1,2
PALIO ATTRACTIVE 1.4 EVO FIRE,2013,1,2
1720,2000,1,2
FOCUS HATCH 2.0 16V,2015,1,2
Kombi Escolar 1.4,2009,1,2
KWID ZEN 1.0 FLEX 12V 5P MEC.,2023,1,2
CORSA HATCH PREMIUM 1.4 ECONOF,2008,1,2
ONIX SEDAN PLUS 1.0 12V TB FLE,2021,1,2
Kombi Furgão,1997,1,2
HB20 EVOLUTION BLUELINK 1.0 FL,2021,1,2
CLASSE A 200 1.6 TB 156CV AUT.,2016,1,2
Palio 1.0 Celebr. ECONOMY F.Flex 8V 2p,2012,1,1
HR HDB,2015,1,1
Sprinter 416 Furgão Longo T.A. 2.2 Dies.,2021,1,1
CRONOS DRIVE 1.3 8V FLEX AUT.,2023,1,1
CAYENNE E-HYBRID 3.0 V6 462CV,2020,1,1
PUNTO ELX 1.4 FIRE FLEX,2008,1,1
MONTANA COMBO 1.4 8V ECONOFLEX,2009,1,1
RANGER XLS 2.8 CD 4X4 TB D,2004,1,1
PUNTO ESSENCE 1.6 FLEX,2014,1,1
S 10 PICK-UP EXECUTIVE 2.4 CD,2010,1,1
ONIX SD. P. PR. MIDNIGHT 1.0 TB Flex Aut,2021,1,1
Ranger Splash CE,1995,1,1
SAVEIRO CITY 1.6 MI TOTAL FLEX,2006,1,1
Frontier XE CD 4x4 2.3 Bi-TB D,2019,1,1
SAVEIRO 1.6 MI/ 1.6 TOTAL FLEX,2013,1,1
POLO 200 TSI,2019,1,1
RANGER XLT CD4 32,2014,1,1
fit,2018,1,1
SANDERO STEP. EASY R R.CURL H.,2016,1,1
COROLLA FIELDER SW 1.8 FLEX,2006,1,1
GOL CITY (TREND) 1.0 TOTAL FLE,2010,1,1
VM 260 6X2,2009,1,1
FRONTIER LE 2.5 CD 4X4 TB DIES,2012,1,1
CARGO 2422,2007,1,1
TECTOR 240 E 25 S 6X2,2010,1,1
FH 13 540 6X4 (E5),2018,1,1
POLO,2018,1,1
208 ALLURE 1.5 FLEX,2013,1,1
XF FTS480 6X2 SUPER SPACE CAB,2023,1,1
Strada Working 1.5 mpi 8v CS,2000,1,1
FIORINO FURGAO 1.5,2012,1,1
FIORINO FLEX,2013,1,1
VERSA S 1.0 12V FLEX 4P MEC.,2017,1,1
VOYAGE TRENDLINE 1.0 FLEX 8V,2014,1,1
PALIO WEEKEND ADVENTURE 1.8 MP,2013,1,1
VW/24.280 CRM 6X2 4P,2019,1,1
L200 Triton Sport GLS 2.4 CD Diesel Aut.,2019,1,1
Partner Furgão 1.6 16V Flex,2007,1,1
KA SEL 1.5 16V FLEX,2016,1,1
Oroch Outsider 1.3 Turbo CVT - 2022/2023,2021,1,1
S 10 PICK-UP LT 2.8 CD 4X4 TDI,2021,1,1
COMMANDER OVERLAND T270 1.3 TB,2021,1,1
Xsara Picasso Exc. 2.0 16V Mec,2003,1,1
Palio Weekend ELX 1.5 mpi 4p,2000,1,1
X5 XDRIVE 35i 3.0 306cv Bi-Turbo,2013,1,1
Gol Trendline 1.6 T. Flex 8V 5p,2015,1,1
TORO FREEDOM 2.0 16V 4X4 TB DI,2016,1,1
207 SEDAN PASSION XR SPORT 1.4,2010,1,1
VOYAGE HIGHLINE 1.6 MI TOTAL F,2018,1,1
Kombi Luxo,2003,1,1
UNO MILLE 1.0 FIRE,2011,1,1
PALIO WEEKEND TREKKING 1.4 FIR,2008,1,1
8.120 EURO3,2005,1,1
Pathfinder SE 4x4 3.0 12V Aut.,1991,1,1
3008 GRIFFE PACK 1.6 TURBO 16V,2018,1,1
IVECO-DAILY CHASSI 35S14 (E5),2013,1,1
UNO WAY 1.0 EVO FIRE FLEX,2014,1,1
CLIO SEDAN EXPRESSION 1.0 16V,2005,1,1
VERSA V-DRIVE Esp.Ed. 1.6 16v Flex Aut.,2021,1,1
OUTLANDER 2.2 165CV DIESEL AUT,2016,1,1
2500 LARAMIE SLT 6.7 TDI CD 4X,2017,1,1
G 360 A 6X2,2013,1,1
Corsa Sedan Super Milenium 1.0 MPFI 16V,2000,1,1
VERTIS 90V18,2013,1,1
C-20 Custom Std. 4.1,1992,1,1
Jumper 2.3 Vetrato Exec. 16Lug. TB Dies.,2015,1,1
207 XS 1.6 FLEX,2012,1,1
8.120,2001,1,1
honda civic lxr,2014,1,1
C3 TENDANCE 1.5 FLEX,2014,1,1
Kicks 1.6 Sense CVT,2022,1,1
206 FELINE 1.6 16V FLEX,2006,1,1
PAJERO TR4 2.0 16V 4X4 FLEX,2008,1,1
PRISMA SEDAN LT 1.4 8V FLEXPOW,2016,1,1
UNO atractive,2019,1,1
MERIVA JOY 1.8 FLEXPOWER,2004,1,1
CLIO SEDAN AUTHENTIQUE 1.0 16V,2007,1,1
POLO MFI AUT,2019,1,1
VIRTUS COMFORTLINE AD,2018,1,1
prisma,2019,1,1
gran siena 1.6,2015,1,1
GOL TRENDLINE 1.6 T. FLEX 8V,2015,1,1
AMAROK CD 2.0 16V TDI 4X4 D,2013,1,1
FIORINO FURGAO 1.3 FIRE FLEX,2011,1,1
Fox,2017,1,1
Cargo 2422e Max Truck 6x2 5.8 I6 Turbo Cummins Dies.,2007,1,1
Kangoo RN Expression 1.6,2006,1,1
CITY LX FLEX,2013,1,1
XC 60 T-5 R-DESIGN 2.0 AWD 5p,2017,1,1
Pajero TR4 2.0 mec,2005,1,1
Civic Sedan LX 1.6 16V Mec. 4p,2000,1,1
FUSCA 1300,1971,1,1
T-CROSS CL TSI AD,2021,1,1
FH 440 6X2T,2010,1,1
Boxer 2.3 Furg.TB Dies. Longo T.Alto,2010,1,1
GSX 1300-R Hayabusa,2003,1,1
LOGAN SEDAN EXPRESSION 1.6 16V,2011,1,1
L-1313 2p (diesel),1983,1,1
DISCOVERY SPORT SE 2.0 4X4 AUT,2015,1,1
SX4 S-CROSS GLX 1.6 16V AUT.,2015,1,1
HILUX STANDARD D4-D 2.5 16V 4X,2009,1,1
Palio Weekend ELX 1.4 mpi Fire Flex 8V,2010,1,1
17-180 WORKER 2p (diesel),2008,1,1
HB20S PLATINUM PLUS 1.0 TB FLE,2023,1,1
SANDERO STEPWAY Hi-Flex 1.6 16V 5p Aut.,2011,1,1
HB20 VISION 1.6 FLEX 16V AUT,2019,1,1
FIT DX 1.4 FLEX,2012,1,1
ASX OUTDOOR 2.0 4X4 16V 160 CV,2016,1,1
Clio RL Authent 1.0 16v 5p,2004,1,1
SANDERO STEP. ICONIC FLEX 1.6,2021,1,1
Yaris,2021,1,1
CRETA LIMITED 1.0 TB 12V FLEX,2023,1,1
RANDON SR BA,2021,1,1
up! take 1.0 T. Flex 12V 3p,2016,1,1
RENEGADE,2015,1,1
TCROSS,2021,1,1
RENEGADE1.8 4X2 FLEX 16V AUT(P,2021,1,1
OUTLANDER GT 3.0 V6,2015,1,1
PAJERO SPORT HPE,2020,1,1
UNO VIVACE CELEB. 1.0 EVO FIRE,2010,1,1
VM 330 8X2 (DIESEL) (E5) R (CA,2022,1,1
Gol CL  1.8,1995,1,1
9-160 E DELIVERY,2014,1,1
26-320 CONSTELLATION 6X2 2P (D,2023,1,1
24.280 CRM 6X2,2012,1,1
5-150 E DELIVERY,2012,1,1
KA CE 1.0,2019,1,1
L-200 TRITON SAVANA 3.2 CD TBI,2013,1,1
Corsa Wagon GLS 1.6 16V MPFI 4p,1997,1,1
TECTOR 24-280 6X2 (DIESEL)(E5),2020,1,1
Sprinter 416 Furgão E.L. T. A. 2.2 Dies.,2022,1,1
CARGO 2422 T,2005,1,1
VECTRA ELEGANCE 2.0 MPFI FLEXP,2008,1,1
Cayenne S 4.5,2012,1,1
FH 13 460 GLOBETROTTER 6X2 (E5,2015,1,1
"DUSTER ZEN 1.6 16V FLEX AUT,",2021,1,1
KA 1.0 SEL TICVT FLEX,2015,1,1
Kangoo Express  1.6 16v,2005,1,1
GOL POWER 1.6 MI TOTAL FLEX,2007,1,1
ATRON 1635 S 2p (diesel) (E5),2017,1,1
CRUZE,2017,1,1
206 SENSATION 1.0 16V,2005,1,1
Fiorino Pick-Up Trekking 1.5 mpi,1997,1,1
Courier 1.3i,1998,1,1
CRUZE HB SPORT LT 1.8 16V FLEX,2013,1,1
ONIX PLUS 10MT LT2,2021,1,1
SENTRA SV CVT,2018,1,1
5-150 E DELIVERY,2016,1,1
HD 78 3.0 16V D,2011,1,1
TUCSON GLS 1.6 TURBO 16V AUT.,2020,1,1
GRAND SIENA ESSENCE SUBLIME 1.,2014,1,1
UP! TAKE 1.0 TOTAL FLEX 12V 5P,2015,1,1
SAVEIRO STARTLINE 1.6 T.FLEX 8,2014,1,1
POLO 1.6 E FLEX,2011,1,1
Corsa Wind 1.6 MPFi 4p,2000,1,1
UNO DRIVE 1.0 FLEX 6V,2017,1,1
KWID ZEN 10MT,2018,1,1
CLS-350 CGI 3.5 306cv Aut.,2013,1,1
TRAILBLAZER LTZ 2.8 CTDI,2019,1,1
PALIO FIRE FLEX,2007,1,1
CERATO SX 1.6 16V FLEX,2014,1,1
Strada Trekking 1.8 mpi Flex 8V CE,2005,1,1
Kwid Outsider 1.0 MT,2022,1,1
LOGAN Privilège Hi-Flex 1.6 16V 4p,2007,1,1
ford ecosport se 1.6,2014,1,1
4400P7 6X2,2012,1,1
Kwid Outsider 1.0 MT,2023,1,1
CARGO 2429 E 6X2 TB,2017,1,1
UP MOVE,2017,1,1
FIAT,2018,1,1
ECOSPORT XLS 1.6 FLEX,2004,1,1
FORD KA,2018,1,1
HILUX D4-D 4X4 2.5 16V TB D,2009,1,1
Corsa Pick-Up Champ 1.6 EFI,1998,1,1
Palio 1.0 Celebr. ECONOMY F.Flex 8V 2p,2013,1,1
FOX ROUTE 1.6 MI TOTAL FLEX,2009,1,1
Sprinter 311 Furgão Longo Teto alto Dies,2014,1,1
D-20 4.0 Conquest,1994,1,1
NOVO GOL 1.6 TOTAL FLEX,2009,1,1
GOL 1.6L MB5,2018,1,1
ACTROS 2546 LS 6X2 (E5),2020,1,1
SPIN ACTIV 1.8 8V ECONO. FLEX,2015,1,1
NOVO GOL 1.6 TOTAL FLEX,2013,1,1
KWID INTENSE 1.0 FLEX 12V 5P MEC.,2021,1,1
UNO MILLE 1.0 FIRE FLEX,2010,1,1
ULTRA LIMITED FLTHTK,2019,1,1
FIESTA SEL 1.6 16V FLEX  AUT.,2018,1,1
FH 13 460 6X4 (E5),2014,1,1
Corsa Milenium  1.0 MPF,2001,1,1
STRADA 1.4 MPI FIRE FLEX CE,2012,1,1
ARRIZO 6 PRO 1.5 TURBO (HIBRID,2022,1,1
HILUX D4-D 4X4 2.5 16V TB D,2011,1,1
KA 1.5 16V FLEX,2018,1,1
VERSYS 1000CC,2019,1,1
PALIO 1.0 FIRE FLEX,2014,1,1
HR 2.5 TCI HD RS,2009,1,1
UP! CROSS 1.0 TSI TOTAL FLEX 1,2019,1,1
Q3 PRESTIGE 1.4 TFSI FLEX S-TR,2019,1,1
UP! EXTREME 1.0 TSI TOTAL FLEX,2020,1,1
Palio 1.6 mpi 16V 4p,1996,1,1
NOVO GOL CITY 1.6 TOTAL FLEX,2013,1,1
GLE-400 HIGHWAY COUPE 3.0 V6 3,2019,1,1
S10 Pick-Up Luxe 2.2 EFI,1996,1,1
CRUZE LT 1.4 16V TURBO FLEX 4P,2020,1,1
CIVIC SEDAN EXS 1.8 16V FLEX,2009,1,1
Pampa L 1.8,1993,1,1
C3 GLX 1.4 FLEX,2006,1,1
MARCH SV 1.6 16V FLEXSTART 4P,2019,1,1
SPACEFOX 1.6 MI TOTAL FLEX,2007,1,1
GOL TRENDLINE 1.0 T.FLEX 12V 4,2017,1,1
FIT LXL 1.4 FLEX,2004,1,1
KICKS,2019,1,1
Locação - Kwid Outsider 1.0 MT-PM 1000/12,2023,1,1
L200 Triton S. HPE FTP 2.4 CD Dies. Aut.,2016,1,1
L-1113 2p (diesel),1976,1,1
LOGAN SEDAN PRIVILEGE 1.6 8V H,2008,1,1
Fiorino Furg.1.3,2005,1,1
MASTER CHASSI CABINE,2013,1,1
FOX PLUS 1.6 MI TOTAL FLEX,2008,1,1
3500 LARAM.6.7 NIGHT ED.TB CD,2022,1,1
S10 Pick-Up Std. 2.2 MPFI CD,1999,1,1
Courier 1.3i,1997,1,1
SANDERO STEPWAY FLEX 1.6 16V 5,2019,1,1
11.180,2018,1,1
PALIO WEEKEND TREKKING 1.6 16V,2012,1,1
330e M Sport 2.0 Turbo Híbrido Aut.,2022,1,1
Ducato Maxi. Long. 2.3 T.Alto ME Diesel,2015,1,1
CRUZE LT NB,2013,1,1
onix 1.4 ltz,2018,1,1
PARTNER FURGAO 1.6 16V FLEX,2010,1,1
IVECO-DAILY TRUCK CHASSI 70C17,2012,1,1
PALIO ESSENCE 1.6 16V FLEX,2013,1,1
UNO SPORTING 1.4 EVO FIRE FLEX,2014,1,1
8.150 E DELIVERY,2009,1,1
HB20S PLATINUM 1.0 TB FLEX 12V,2021,1,1
MARCH SV 1.6 16V FLEX,2016,1,1
COOPER JOHN WORKS 2.0 TURBO 3P,2018,1,1
FH 12 380 4X2,2004,1,1
30-330 CONSTELLATION 8X2 2P (D,2019,1,1
F 350,2010,1,1
J3 S turin 1.5 JET Flex 16V 4p Mec.,2015,1,1
DAILY CHASSI 55C16,2011,1,1
C4 CACTUS FEEL 1.6 16V Flex Aut.,2019,1,1
RANGER LIMITED 3.2 20V 4X4 CD,2012,1,1
COROLLA XEI FLEX,2017,1,1
Fox Route 1.0 Mi Total Flex 8V 5p,2008,1,1
AXOR 2036 S (E5),2013,1,1
320 IA MODERN 2.0 TB 16V,2019,1,1
PALIO WEEKEND TREKKING 1.6 16V,2016,1,1
RANGE R. VE. R-DYN SE 2.0 4X4,2019,1,1
FH 13 400 6X2,2008,1,1
POLO SEDAN COMFORTLINE 1.6 MI,2012,1,1
GOL RALLYE 1.6 MI TOTAL FLEX,2011,1,1
ZAFIRA ELITE 2.0 MPFI FLEXPOWE,2005,1,1
XF FTT530 6X4 SPACE CAB (DIE)(,2021,1,1
PRISMA 1.0 JOY,2018,1,1
C-180 CGI Exclusive 1.6 TB 16V  Aut.,2018,1,1
L-1111,1966,1,1
ETIOS PLATINUM 1.5 FLEX 16V 4P,2019,1,1
STRADA TREKKING 1.4 MPI FIRE F,2012,1,1
RANGER XLT 2.8 CD TB D,2004,1,1
G 440 A 6X4 (E5),2012,1,1
COROLLA S 1.8 16V,2006,1,1
CLA-35 AMG 4MATIC 2.0 TB Aut.,2020,1,1
SIENA EX 1.0 FIRE,2008,1,1
P 360 A 6X2 (E5),2012,1,1
UNO WAY 1.4 EVO Fire Flex 8V 5p,2016,1,1
LOGAN SEDAN EXPRESSION 1.6 HI-,2011,1,1
SORENTO 3.5 V6 24V 4X4 278 CV,2011,1,1
SPEED TRIPLE 1050i,2006,1,1
Astra 2.0 8v 3p,2002,1,1
RANGER XLT 2.5 16V 4X2 CD,2014,1,1
STRALIS 600-S40T TB 6X2 EUROT,2013,1,1
Fiorino Furg.1.3 Fire,2004,1,1
S 10 PICK-UP LTZ 2.4 CD FLEXPO,2013,1,1
PUNTO ATTRACTIVE ITALIA 1.4 FL,2012,1,1
ASTRA ADVANT. 2.0 MPFI FLEX PO,2006,1,1
Kombi Standard,1993,1,1
Clio Sed. Authentique Hi-Flex 1.6 16V 4p,2006,1,1
ACCELO 1316 6X2 2P (DIESEL)(E5,2022,1,1
Clio Authent  1.0  8v 5p,2004,1,1
G 360 A 6X2,2018,1,1
2500 LARAMIE 6.7 TDI CD 4X4 DI,2021,1,1
CRV LX 2.0 16V 2WD,2010,1,1
CIVIC EX,2021,1,1
COBALT LTZ,2013,1,1
COROLLA SE-G 1.8 16V FLEX,2004,1,1
IVECO-DAILY CHASSI 35S14 (E5),2018,1,1
F 250 XLT 3.9 4X4 CD TB D,2008,1,1
COBALT 18 A LTZ,2017,1,1
RANGER XLS 2.2 4X4 CD DIESEL M,2015,1,1
COBALT LTZ 1.4 8V FlexPower 4p,2014,1,1
Durango Crew 3.6 24V 4x4 Aut.,2012,1,1
10-160 E DELIVERY,2015,1,1
New Fiesta 1.6 SE,2014,1,1
COROLLA GLI 1.8 FLEX,2009,1,1
Fiorino Furg.1.3 Fire Flex,2008,1,1
Q3 SPB PERFORMANCE 2.0 TFSI TI,2022,1,1
L200 TRITON SAVANA GLS 2.4 4X4,2021,1,1
DOBLO HLX 1.8 MPI FLEX,2011,1,1
ASTRA SEDAN ADVANTAGE 2.0 MPFI,2007,1,1
TRACKER Midnight 1.4 Turbo Flex Aut.,2018,1,1
DUSTER DAKAR 1.6 HI-FLEX 16V M,2015,1,1
C4 LOUNGE ORIGINE 2.0 FLEX 4P,2016,1,1
RANGER XLS 2.5 16V 4X2 CD,2013,1,1
S 10 PICK-UP LS 2.8 4X4 TDI D,2017,1,1
CORSA SEDAN CLASSIC LIFE 1.0 F,2009,1,1
IVECO-DAILY TRUCK CHASSI 70C17,2018,1,1
ONIX,2021,1,1
GOL 1.0 TOTAL FLEX (25 ANOS),2012,1,1
Camaro SS Conversível 6.2 V8 16V 406cv,2015,1,1
AMAROK SE CD 2.0 4X4 16V TDI,2015,1,1
GOL CITY 1.0 MI,2004,1,1
VM 270 6X2 (E5),2014,1,1
BEE 200cc Royale,2017,1,1
ATEGO 2426 6X2 (E5),2021,1,1
VM 330 8X2 (DIESEL) (E5) T (RE,2019,1,1
FIT PERSONAL 1.5 FLEXONE 16V,2020,1,1
CLA-200 URBAN 1.6 TB 16V 156CV,2015,1,1
TRACKER MIDNIGHT 1.4 TURBO FLE,2019,1,1
CRUZE,2014,1,1
FIESTA,2014,1,1
MONTANA LS COMBO 1.4 8V ECONOFLEX 2p,2012,1,1
UP! PEPPER 1.0 TSI L FLEX 12V,2018,1,1
KA GL 1.0 MPI,2004,1,1
PALIO SPORTING 1.6 16V FLEX,2014,1,1
VERSA SV 1.6 16V FLEXSTART  AU,2019,1,1
SIENA EL CELEB 1.4 MPI FIRE FL,2013,1,1
Ká SE 1.0,2018,1,1
HR HDLWBSC,2007,1,1
Polo 1.0 Mi 79cv 16V 5p,2003,1,1
FIESTA TIT./TIT.PLUS 1.6 16V F,2014,1,1
RANGE ROVER EVOQUE DYNAMIC 2.0,2014,1,1
Kwid Outsider 1.0 MT-2021/2022,2024,1,1
VM 260 6X2,2011,1,1
207 XS 1.6 FLEX AUT,2012,1,1
A7 Sportback 3.0 TFSI Quattro S Tronic,2011,1,1
Fiorino Furgão 1.5 mpi i.e,1997,1,1
HB20S DIAMOND 1.0 TB FLEX 12V,2019,1,1
PALIO ELX 1.3 FLEX,2004,1,1
UNO MILLE 1.0 FIRE FLEX,2005,1,1
STRADA ADVENTURE LOCKER 1.8 CD,2014,1,1
ATEGO 2425,2008,1,1
J6 2.0 16V 5p Mec.,2011,1,1
Vectra GLS,2002,1,1
31-320 E CONSTELLATION 6X4,2011,1,1
Astra 2.0 8V Hatchback 5p Aut,2002,1,1
MOBI TREKKING 1.0 FLEX 5P.,2020,1,1
ATRON 1635 S (E5),2014,1,1
Vectra GLS,1993,1,1
AMAROK SE CD 2.0 4X4 16V TDI,2016,1,1
S 10 PICK-UP LS 2.8 4X4 TDI D,2020,1,1
L200 T.OUTDOOR 3.2 CD TB INT.,2017,1,1
Sprinter 312 Furgão Longo T.Alto Diesel,2000,1,1
ETIOS X PLUS 1.5 FLEX 16V 5P A,2021,1,1
Clio Dynamique 1.6 16V 110cv 3p,2004,1,1
TRACKER LT 1.0 TURBO 12V FLEX AU,2022,1,1
ix35 GL 2.0 16V 2WD Flex Aut.,2016,1,1
GRAND SIENA ATTRACTIVE 1.4 EVO,2014,1,1
Vectra Challenge 2.2 MPFI 16V,2001,1,1
Strada 1.3 mpi Fire 8V 67cv CE,2003,1,1
UNO ATTRACTIVE 1.0 EVO FIRE FL,2014,1,1
19.320 CNC TT,2011,1,1
ONIX PLUS 10MT LT4,2020,1,1
DYNA SUPER GLIDE CUSTOM,2011,1,1
Corsa Pick-Up Champ 1.6 EFI,1999,1,1
PALIO ELX 1.0,2007,1,1
208 GRIFFE 1.6 FLEX 16V 5P AUT,2016,1,1
FH 420 GLOBETROTTER 6X2 (E5),2013,1,1
LOGAN SEDAN EXPRESSION 1.0 16V,2013,1,1
KA 1.0 TECNO FLEX,2010,1,1
S 10 PICK-UP TORNADO 2.8 CD TB,2005,1,1
24-280 E CONSTELLATION 6X2,2018,1,1
BANDIT N-1250,2008,1,1
GOL 1.0 MI,2003,1,1
709 2p (diesel),1993,1,1
407 Sed. Allure 2.0 16V 4p Aut.,2006,1,1
AXOR 3131 6X4,2022,1,1
KA 1.5 SE PLUS 12V FLEX 4P AUT,2019,1,1
HB20 SEDAN 1.0 COMFORT PLUS,2014,1,1
CRUZE SPORT LT 1.4 16V TB FLEX,2021,1,1
JETTA 2.0 TSI TIPTRONIC,2013,1,1
COURIER VAN 1.6,2012,1,1
MULTISTRADA 1260 S,2021,1,1
VM 220 4X2 (E5),2014,1,1
HILUX 2.8 CD 4X4 D,2020,1,1
sandero,2015,1,1
TRANSIT Chassi 2.4 TDCI Diesel,2010,1,1
YARIS XLS SEDAN 1.5 FLEX 16V 4,2022,1,1
CRONOS DRIVE 1.3,2018,1,1
9-160 E DELIVERY,2016,1,1
Courier 1.6 L,2000,1,1
FH 13 540 GLOBETROTTER 6X4 (E5,2017,1,1
FH 13 440 4X2,2008,1,1
Saveiro CL 1.6,1998,1,1
CLIO HATCH AUTHENTIQUE 1.0,2005,1,1
NOVA SAVEIRO RD,2019,1,1
FIT EX CVT AUTOMATICO,2016,1,1
SANDERO Dynamique Hi-Power 1.6 8V 5p,2014,1,1
JETTA 2.0 TIPTRONIC FLEX,2011,1,1
FIT EX,2016,1,1
TRACKER LT 1.0 TURBO 12V FLEX AUT.,2022,1,1
PALIO WEEKEND ATTRACTION,2011,1,1
S 10 PICK-UP LS 2.8 4X4 TDI D,2016,1,1
C3 Style Edition 1.6 Flex 16V Aut.,2016,1,1
FIORINO FURGAO 1.3,2012,1,1
Sprinter 310 Chassi Diesel,1998,1,1
Kangoo RN 1.0 8V,2001,1,1
1718 2p (diesel),2010,1,1
DAILY CHASSI 55C16 2p (diesel),2010,1,1
CLA-200 Urban 1.6 TB 16V 156cv Aut.,2013,1,1
T-CROSS COMFOR. 200 TSI 1.0 FLEX,2020,1,1
SAVEIRO CROSS 1.6 MI TOTAL FLE,2012,1,1
S10 Pick-Up 2.8 4x2 Turbo Interc. Dies.,2002,1,1
KWID OUTSID 2,2022,1,1
Towner Jr. Pick-up 1.0 8V 48cv  CD 4p,2011,1,1
UP! TAKE 1.0 T. FLEX 12V,2015,1,1
CIVIC SEDAN EX 2.0 FLEX 16V .4,2020,1,1
26-280 E CONSTELLATION 6X4,2013,1,1
SANDERO,2016,1,1
FOR KA,2018,1,1
S 10 PICK-UP EXECUTIVE 2.8 4X4,2011,1,1
ATRON 2324 6X2 (E5),2013,1,1
G-450 A 6X2 2P (DIESEL)(E5),2023,1,1
SAVEIRO CITY 1.6 MI TOTAL FLEX,2005,1,1
ECOSPORT SE DIRECT 1.5 FLEX 4P,2020,1,1
FH 12 380 4X2,2005,1,1
HB20 COMFORT 1.0 FLEX 12V MEC.,2022,1,1
VOYAGE HIGHLINE 1.6 MI TOTAL F,2014,1,1
ASTRA SEDAN ELITE 2.0 FLEXPOWE,2005,1,1
C3 SONORA 1.6 FLEX,2011,1,1
STRALIS HD 490 - S38T,2008,1,1
C3 Excl. Solaris 1.6 Flex 16V Mec,2004,1,1
207 SEDAN PASSION XR 1.4 FLEX,2013,1,1
mobile lite,2021,1,1
Santana 1.8 Mi,2000,1,1
F-13000 2p (diesel),1981,1,1
HB20 SEDAN 1.6 PREMIUM,2019,1,1
VW,2019,1,1
CIVIC SEDAN LXL 1.8 FLEX 16V,2011,1,1
F-4000 4X4 (DIESEL)(E5),2018,1,1
CARGO 2628 E 6X4 TB,2011,1,1
Idea ESSENCE Dualogic 1.6 Flex 16V 5p,2014,1,1
ECOSPORT FREESTYLE 2.0 16V FLE,2012,1,1
Gol  1.0 4portas,2003,1,1
Polo 1.6 Mi S. Ouro,2004,1,1
Fit CX 1.4 Flex 16V 5p Aut.,2013,1,1
Kangoo Express  1.6 16v,2002,1,1
15-190 E CONSTELLATION,2015,1,1
Xsara Picasso Exclusive 2.0 16V  Aut,2006,1,1
RANGER XLT 3.2 20V 4X4 CD D,2012,1,1
STRADA ADVENTURE LOCKER 1.8 FL,2013,1,1
-BENZ/1214 C,1998,1,1
TORO RANCH AT9 4X4,2021,1,1
ATRON 1719 (E5),2013,1,1
CRUZE LTZ HB,2015,1,1
DISCOVERY SP. HSE 2.0 BI-TB 24,2018,1,1
SANDERO EXPRESSION FLEX 1.6 16,2018,1,1
RANGER XLS 3.0 PSE TB D,2006,1,1
DUSTER DYNAMIQUE 2.0 16V HI-FL,2011,1,1
24-280 E CONSTELLATION 6X2,2016,1,1
CARGO 1215,1998,1,1
AIRCROSS EXCLUSIVE 1.6 16V FLE,2012,1,1
F-4000 4X4 (DIESEL)(E5),2019,1,1
Hilux SW4 SR 4x2 2.7 aut,2010,1,1
HB20 COMFORT PLUS 1.6 FLEX,2012,1,1
Leaf Tekna - 2022/2023,2022,1,1
VOYAGE 1.6 MSI FLEX 16V 4P AUT.,2021,1,1
VM 330 8X2 (DIESEL) (E5) R (CA,2018,1,1
COROLLA XLI 1.8 16V FLEX,2012,1,1
MONTANA LS 1.4 ECONOFLEX,2010,1,1
FIT LX 1.4,2006,1,1
17-220/ 17-220 WORKER 2P (DIES,2002,1,1
P 310 B 8X2 (E5),2017,1,1
CIVIV,2016,1,1
TORO FREEDOM 2.0 16V 4X4 DIESE,2020,1,1
S 10 PICK-UP LTZ 2.4 CD FLEXPO,2014,1,1
ETIOS XS 1.5 FLEX 16V,2015,1,1
ONIX HATCH LS 1.0 8V FLEXPOWER,2012,1,1
S10 Blazer Std. 2.2 EFI,1999,1,1
R 440 A 6X4 HIGHLINE (E5),2013,1,1
FIT EX/S/EX 1.5 FLEX/FLEXONE 1,2015,1,1
FOX CITY 1.0 MI,2010,1,1
Fiesta GL Class 1.0i 5p,2001,1,1
elantra gls,2012,1,1
CLIO 1.0 16V HI-FLEX,2010,1,1
V 40 T4 1.9,2014,1,1
TERRITORY TITANIUM 1.5 GTDI EC,2020,1,1
CELTA SUPER 1.4 MPFI,2004,1,1
ETIOS SD XS,2014,1,1
Fit  LX 1.4 Flex 8v Aut,2007,1,1
Creta 1.6,2017,1,1
ONIX,2022,1,1
CROSSFOX I MOTION 1.6 MI TOTAL,2013,1,1
HB20 1.6,2014,1,1
Virtus,2020,1,1
JETTA 2.0 Total Flex 8V 4p Mec.,2012,1,1
FH-540 GLOBETROTTER XL 6X4 (DI,2023,1,1
NOVA SAVERO,2020,1,1
S 10 PICK-UP LS 2.4 FLEX POWER,2015,1,1
UP! RUN I MOTION 1.0 TOTAL FLE,2016,1,1
CELTA SPIRIT 1.0 MPFI FLEXPOWE,2008,1,1
PALIO ELX 1.0 MPI FIRE FLEX,2004,1,1
JETTA 2.0 TIPTRONIC FLEX,2012,1,1
32-360 CONSTELLATION 6X4 2P (D,2022,1,1
Strada Working 1.4 mpi Fire Flex 8V CD,2015,1,1
8.120 EURO3,2011,1,1
ATRON 1319 (E5),2015,1,1
ETIOS XLS SD 1.5,2017,1,1
Fiorino Furg.1.5,2013,1,1
CAMARO SS 6.2 V8 16V 406cv,2009,1,1
ASTRA ADVANT. 2.0 MPFI FLEX PO,2007,1,1
D-20 Luxe 3.9 Turbo Diesel,1993,1,1
ASX 2.0,2013,1,1
Zafira Elite 2.0 MPFI FlexPower 8V 5p,2010,1,1
ONIX HATCH LT 1.0 12V TB FLEX,2019,1,1
ONIX HATCH LS 1.0 8V FLEXPOWER,2016,1,1
POLO 1.6 MI TOTAL FLEX,2006,1,1
325i,1993,1,1
17-180 WORKER 2P (DIESEL),2007,1,1
POLO SEDAN CONFORTLINE 2.0 MI,2005,1,1
COURIER L 1.6 MPI,2008,1,1
PALIO WEEKEND ELX 1.4 MPI FIRE,2007,1,1
PRISMA SEDAN MAXX 1.4 ECONOFLE,2007,1,1
IDEA ADVENTURE LOCKER 1.8 FLEX,2013,1,1
corolla,2021,1,1
GLADIATOR RUBICON 3.6 V6 284 C,2022,1,1
MONTANA SPORT 1.4 ECONOFLEX,2011,1,1
VIRTUS 1.6 MSI Flex 16V 4p Aut.,2020,1,1
COURIER L 1.6 MPI,2009,1,1
FM 13 480 6X4,2008,1,1
SPIN LTZ  1.8L AUTOMATICO,2012,1,1
FH 440 GLOBETROTTER 6x4 2p (diesel),2010,1,1
Master 2.3 dCi Furgão 16V Diesel,2016,1,1
XC 90 T-6 INSCRIPTION 2.0 320CV 5p,2016,1,1
-BENZ/ATEGO 1719,2014,1,1
CARGO 712 E Turbo 2p (diesel),2011,1,1
328iA Sport 2.0 16V 245cv 4p,2013,1,1
24-250 E T WORKER 3-eixos,2005,1,1
CG 160 START,2021,1,1
FOISON 1.3 16V 85cv 2p,2014,1,1
Gol Special 1.0 Mi 4p,2002,1,1
Sorento EX 3.8 V6 24V 267cv 4x4 Aut.,2008,1,1
ZAFIRA EXPRESSION 2.0 MPFI FLE,2009,1,1
Palio Celebration 1.0 Fire Flex 8V 2p,2014,1,1
RENEGADE1.8 4X2 FLEX 16V MEC.,2017,1,1
F 350,2011,1,1
KANGOO EXPRESS HI-FLEX 1.6 16V,2014,1,1
13.170,2000,1,1
CORSA SEDAN 1.0 MPFI,2002,1,1
CARGO 815 S,2005,1,1
Ford KA,2019,1,1
FIORINO HD WK E,2018,1,1
2008 ALLURE 1.6 FLEX 16V 4P AU,2022,1,1
CARGO 3530 Turbo 2p (diesel),1995,1,1
R 114 GA 360 4X2 NZ,1999,1,1
Sentra SV 2.0 Flex 16V Aut.,2013,1,1
Palio ELX 1.0 4p,1999,1,1
TRACKER 1.0 Turbo 12V Flex Aut,2022,1,1
HB20S,2018,1,1
Palio Weekend ELX 1.3 mpi  Fire 16V,2000,1,1
BROSS,2020,1,1
11.180,2022,1,1
R 440 A6X2,2016,1,1
JETTA VARIANT 2.5 20V TIPTRONI,2011,1,1
FREEMONT PRECISION DUALOGIC 2.,2012,1,1
15-180 E CONSTELLATION,2009,1,1
EcoSport XLT 1.6,2006,1,1
CARGO 2429 E 6X2 TB,2015,1,1
Sprinter 416 Furgão Longo T.A. 2.2 Dies.,2022,1,1
SIENA EX 1.0 FIRE,2007,1,1
HB20 C.Plus 1.0,2013,1,1
SIENA EL 1.4 MPI FIRE FLEX,2015,1,1
15-180 E WORKER,2011,1,1
Corsa Sedan GLS 1.6 MPFI 4p,1999,1,1
KA 1.0 SEL TICVT FLEX,2017,1,1
CG 160 TITAN FLEXONE,2023,1,1
DAILY CHASSI 45S14 2p (diesel),2010,1,1
KA GL 1.0i Zetec Rocam,2003,1,1
Strada Trekking 1.6 16V Flex CD,2014,1,1
Palio Weekend ELX 1.4 mpi Fire Flex 8V,2008,1,1
LOGAN Authentique Hi-Flex 1.0 16V 4p,2013,1,1
FIESTA SEDAN 1.0 FLEX,2007,1,1
L200 Triton GL 3.2 CD TB Int. Dies. Mec.,2014,1,1
X4 XDRIVE 28i X-Line 2.0 Turbo 245cv Aut,2015,1,1
Uno Mille 1.0 Economy 4p,2008,1,1
515 CHASSI E L 2.2 D,2015,1,1
JIMNY 4 WORK 1.3 16V,2016,1,1
ASTRA SEDAN 2.0 MPFI,2003,1,1
Fiesta Sedan SEL 1.6 16V Flex Aut.,2017,1,1
SANDERO STEPWAY 1.6 8V HI-FLEX,2016,1,1
KWID ZEN 10 MP,2020,1,1
MASTER 2.3 DCI FURGAO 16V D,2013,1,1
FIESTA TIT./TIT.PLUS 1.6 16V F,2016,1,1
STREET GLIDE SPECIAL FLHXS,2020,1,1
BRAVO SPORTING 1.8 FLEX 16V,2013,1,1
JETA,2018,1,1
UNO FURGAO 1.3 FIRE FLEX,2013,1,1
GLC 250 SPORT 2.0 TB 16V 211CV,2018,1,1
FIORINO FURGAO 1.5,2007,1,1
CRUZE LT 1.8 16V FLEXPOWER,2016,1,1
STRADA ADVENTURE 1.8 FLEX CE 1,2010,1,1
L 1318,2011,1,1
FIESTA SUPERCHARGER 1.0,2004,1,1
HILUX CS 4X4 2.8 TDI MEC.,2019,1,1
MONTANA LS,2011,1,1
S10 PICK-UP LT 2.5 FLEX 4X2 CD,2020,1,1
Astra Sed.Advant. 2.0 8V MPFI FlexP. Aut,2010,1,1
F-600,1976,1,1
LINEA ABSOLUTE DUALOGIC 1.8 FL,2015,1,1
BIZ,2019,1,1
TIGUAN 2.0 TSI 16V TIPTRONIC,2010,1,1
L200-TRITON SPORT HPE 2.4 CD D,2019,1,1
Ranger STX 4.0 CS,1995,1,1
Onix Plus LT,2020,1,1
Fiorino Furgão Celeb. EVO 1.4 Flex 8V 2p,2016,1,1
CLIO HATCH AUTHENTIQUE 1.0,2003,1,1
Parati 1000 Mi 16V 4p Turbo,2001,1,1
Palio 1.6 mpi 16V 4p,1997,1,1
Fiorino Furgão 1.5 mpi i.e,1994,1,1
V40 T-5 R-DESIGN 2.0 Aut.,2018,1,1
FUSCA 2.0 R-LINE TSI 16V,2015,1,1
1215 C 2p (diesel),2000,1,1
SYMBOL PRIVILEGE 1.6 16V HI-FL,2010,1,1
PALIO,2023,1,1
VIRTUS HIGHLINE 200 TSI 1.0 FL,2023,1,1
IVECO-DAILY CHASSI 35S14 (E5),2014,1,1
RANGER XLT 2.5 16V 4X2 CD,2012,1,1
VM 270 6X4 (E5),2022,1,1
C4 CACTUS SHINE 1.6 TURBO FLEX,2021,1,1
P 310 B 8X2 (E5),2014,1,1
AIRCROSS EXCLUSIVE 1.6 16V FLE,2013,1,1
ETIOS XS 1.5 FLEX 16V,2013,1,1
C 180,2015,1,1
AGILE LT 1.4 FLEX,2012,1,1
METEOR 28.460 6X2 2P (DIESEL)(,2020,1,1
S 10 PICK-UP EXECUTIVE 2.4 CD,2008,1,1
Strada 1.5 mpi 8v CS,2001,1,1
Kicks 1.6 Advance Plus CVT,2022,1,1
ML-350 3.0 V6 224cv 4x4 Diesel,2013,1,1
CARGO 2422 E 6X2,1999,1,1
R 124 GA 360 4X2 NZ,2001,1,1
RANGER,2019,1,1
FAT BOB FXFBS,2022,1,1
ETIOS X PLUS 1.5 FLEX 16V 5P A,2020,1,1
Kwid Zen 1.0 MT-2021/2022,2022,1,1
8.150,2000,1,1
C3 GLX 1.4 FLEX,2010,1,1
VOYAGE 1.0 CITY MI TOTAL FLEX,2009,1,1
AMAROK CD 2.0 16V TDI 4X4 D,2014,1,1
JETTA COMFORT. 250 TSI 1.4 FLE,2019,1,1
CARGO 2629 E 6X4 TB,2012,1,1
F-4000 TURBO(MWM) 2p (diesel),1988,1,1
13.180 E WORKER,2009,1,1
Doblo Cargo 1.8 mpi Flex,2013,1,1
A1 SPORTBACK 1.4 TFSI 122CV S-,2016,1,1
HILUX CS 4X4 2.8 TDI DIESEL ME,2016,1,1
TRITON,2021,1,1
Mobi lite,2019,1,1
HB20 Hyndai 1.0,2018,1,1
CRETA PULSE 1.6 16V FLEX AUT.,2018,1,1
TIIDA S 1.8 Flex  mec,2010,1,1
STRADA FREEDOM CD 1.3,2023,1,1
INTRUDER LC 1500,2003,1,1
KA 1.0 8V ST Flex,2012,1,1
C4 CACTUS FEEL A,2018,1,1
C3 GLX SONORA 1.4 FLEX,2007,1,1
R 400 A 6X2,2013,1,1
Ka 1.5 FreeStyle 12V Flex 5p Aut.,2020,1,1
TERRITORY TITANIUM 1.5 GTDI EC,2022,1,1
KWID,2020,1,1
31-330 E CONSTELLATION 6X4,2018,1,1
C3 FEEL 1.6 FLEX 16V 5P MEC.,2022,1,1
STRADA TREKKING 1.4 MPI FIRE F,2010,1,1
GSX-R 1000,2004,1,1
HR 2.5 TCI HD RS,2017,1,1
AGILE LTZ 1.4 FLEX,2011,1,1
P 340 A 6X2,2010,1,1
CROSSFOX 1.6 MI TOTAL FLEX,2013,1,1
COURIER 1.6 L FLEX,2011,1,1
ACTROS 2651 S 6X4 2P (DIESEL)(,2021,1,1
Saveiro 1.8 Mi,2000,1,1
CROSSFOX 1.6 MI TOTAL FLEX,2009,1,1
SANDERO AUTH. S.ESPECIAL FLEX,2017,1,1
CORSA HATCH MAXX 1.0 MPFI,2006,1,1
DOBLO ESSENCE,2018,1,1
7.110 S,1993,1,1
CLIO SEDAN RL 1.0 16V,2005,1,1
206 FELINE 1.4,2004,1,1
FRONTIER SE CD 4X4 2.3 BI-TB,2022,1,1
HILUX CHASSI D4-D 3.0 4X4 TB D,2014,1,1
R-450 A 6X2 2P (DIESEL)(E5),2020,1,1
ATEGO 2426 6X2 (E5),2020,1,1
RAV 4 2.0 16V 4X2,2013,1,1
ATEGO 1419 (E5),2022,1,1
NOVO GOL TRENDLINE MBV,2018,1,1
Gol Special 1.0 Total Flex 8V 5p,2014,1,1
KA 1.0 8V,2008,1,1
S10 PICK-UP LT 2.5 FLEX 4X4 CD,2014,1,1
STRADA WORKING CD,2016,1,1
Caravan Comodoro 4.1,1990,1,1
